文件名,分类,主题,物种,状态,帧,尺寸/规格,大小,版本,生成日期,规范条目,路径
pet-cat-blink-1-1024.png,digital/pet,charcoal,cat,blink,1,1024×1024,13KB,v1.0,2026-08-11,v9.0 §4.1-4.8,public/visual-assets/pets\charcoal\pet-cat-blink-1-1024.png
pet-cat-blink-2-1024.png,digital/pet,charcoal,cat,blink,2,1024×1024,12KB,v1.0,2026-08-11,v9.0 §4.1-4.8,public/visual-assets/pets\charcoal\pet-cat-blink-2-1024.png
pet-cat-blink-3-1024.png,digital/pet,charcoal,cat,blink,3,1024×1024,13KB,v1.0,2026-08-11,v9.0 §4.1-4.8,public/visual-assets/pets\charcoal\pet-cat-blink-3-1024.png
pet-cat-greet-1-1024.png,digital/pet,charcoal,cat,greet,1,1024×1024,15KB,v1.0,2026-08-11,v9.0 §4.1-4.8,public/visual-assets/pets\charcoal\pet-cat-greet-1-1024.png
pet-cat-greet-2-1024.png,digital/pet,charcoal,cat,greet,2,1024×1024,15KB,v1.0,2026-08-11,v9.0 §4.1-4.8,public/visual-assets/pets\charcoal\pet-cat-greet-2-1024.png
pet-cat-greet-3-1024.png,digital/pet,charcoal,cat,greet,3,1024×1024,15KB,v1.0,2026-08-11,v9.0 §4.1-4.8,public/visual-assets/pets\charcoal\pet-cat-greet-3-1024.png
pet-cat-greet-4-1024.png,digital/pet,charcoal,cat,greet,4,1024×1024,15KB,v1.0,2026-08-11,v9.0 §4.1-4.8,public/visual-assets/pets\charcoal\pet-cat-greet-4-1024.png
pet-cat-idle-1-1024.png,digital/pet,charcoal,cat,idle,1,1024×1024,13KB,v1.0,2026-08-11,v9.0 §4.1-4.8,public/visual-assets/pets\charcoal\pet-cat-idle-1-1024.png
pet-cat-idle-2-1024.png,digital/pet,charcoal,cat,idle,2,1024×1024,13KB,v1.0,2026-08-11,v9.0 §4.1-4.8,public/visual-assets/pets\charcoal\pet-cat-idle-2-1024.png
pet-cat-miss-1-1024.png,digital/pet,charcoal,cat,miss,1,1024×1024,14KB,v1.0,2026-08-11,v9.0 §4.1-4.8,public/visual-assets/pets\charcoal\pet-cat-miss-1-1024.png
pet-cat-miss-2-1024.png,digital/pet,charcoal,cat,miss,2,1024×1024,14KB,v1.0,2026-08-11,v9.0 §4.1-4.8,public/visual-assets/pets\charcoal\pet-cat-miss-2-1024.png
pet-cat-sign-1-1024.png,digital/pet,charcoal,cat,sign,1,1024×1024,13KB,v1.0,2026-08-11,v9.0 §4.1-4.8,public/visual-assets/pets\charcoal\pet-cat-sign-1-1024.png
pet-cat-sign-2-1024.png,digital/pet,charcoal,cat,sign,2,1024×1024,13KB,v1.0,2026-08-11,v9.0 §4.1-4.8,public/visual-assets/pets\charcoal\pet-cat-sign-2-1024.png
pet-cat-sign-3-1024.png,digital/pet,charcoal,cat,sign,3,1024×1024,13KB,v1.0,2026-08-11,v9.0 §4.1-4.8,public/visual-assets/pets\charcoal\pet-cat-sign-3-1024.png
pet-cat-sleep-1-1024.png,digital/pet,charcoal,cat,sleep,1,1024×1024,13KB,v1.0,2026-08-11,v9.0 §4.1-4.8,public/visual-assets/pets\charcoal\pet-cat-sleep-1-1024.png
pet-cat-sleep-2-1024.png,digital/pet,charcoal,cat,sleep,2,1024×1024,13KB,v1.0,2026-08-11,v9.0 §4.1-4.8,public/visual-assets/pets\charcoal\pet-cat-sleep-2-1024.png
pet-cat-squeezed-1-1024.png,digital/pet,charcoal,cat,squeezed,1,1024×1024,12KB,v1.0,2026-08-11,v9.0 §4.1-4.8,public/visual-assets/pets\charcoal\pet-cat-squeezed-1-1024.png
pet-cat-squeezed-2-1024.png,digital/pet,charcoal,cat,squeezed,2,1024×1024,13KB,v1.0,2026-08-11,v9.0 §4.1-4.8,public/visual-assets/pets\charcoal\pet-cat-squeezed-2-1024.png
pet-cat-squeezed-3-1024.png,digital/pet,charcoal,cat,squeezed,3,1024×1024,13KB,v1.0,2026-08-11,v9.0 §4.1-4.8,public/visual-assets/pets\charcoal\pet-cat-squeezed-3-1024.png
pet-cat-success-1-1024.png,digital/pet,charcoal,cat,success,1,1024×1024,13KB,v1.0,2026-08-11,v9.0 §4.1-4.8,public/visual-assets/pets\charcoal\pet-cat-success-1-1024.png
pet-cat-success-2-1024.png,digital/pet,charcoal,cat,success,2,1024×1024,13KB,v1.0,2026-08-11,v9.0 §4.1-4.8,public/visual-assets/pets\charcoal\pet-cat-success-2-1024.png
pet-cat-talking-1-1024.png,digital/pet,charcoal,cat,talking,1,1024×1024,13KB,v1.0,2026-08-11,v9.0 §4.1-4.8,public/visual-assets/pets\charcoal\pet-cat-talking-1-1024.png
pet-cat-talking-2-1024.png,digital/pet,charcoal,cat,talking,2,1024×1024,13KB,v1.0,2026-08-11,v9.0 §4.1-4.8,public/visual-assets/pets\charcoal\pet-cat-talking-2-1024.png
pet-cat-talking-3-1024.png,digital/pet,charcoal,cat,talking,3,1024×1024,13KB,v1.0,2026-08-11,v9.0 §4.1-4.8,public/visual-assets/pets\charcoal\pet-cat-talking-3-1024.png
pet-cat-thinking-1-1024.png,digital/pet,charcoal,cat,thinking,1,1024×1024,15KB,v1.0,2026-08-11,v9.0 §4.1-4.8,public/visual-assets/pets\charcoal\pet-cat-thinking-1-1024.png
pet-cat-thinking-2-1024.png,digital/pet,charcoal,cat,thinking,2,1024×1024,14KB,v1.0,2026-08-11,v9.0 §4.1-4.8,public/visual-assets/pets\charcoal\pet-cat-thinking-2-1024.png
pet-dog-blink-1-1024.png,digital/pet,charcoal,dog,blink,1,1024×1024,13KB,v1.0,2026-08-11,v9.0 §4.1-4.8,public/visual-assets/pets\charcoal\pet-dog-blink-1-1024.png
pet-dog-blink-2-1024.png,digital/pet,charcoal,dog,blink,2,1024×1024,13KB,v1.0,2026-08-11,v9.0 §4.1-4.8,public/visual-assets/pets\charcoal\pet-dog-blink-2-1024.png
pet-dog-blink-3-1024.png,digital/pet,charcoal,dog,blink,3,1024×1024,13KB,v1.0,2026-08-11,v9.0 §4.1-4.8,public/visual-assets/pets\charcoal\pet-dog-blink-3-1024.png
pet-dog-greet-1-1024.png,digital/pet,charcoal,dog,greet,1,1024×1024,14KB,v1.0,2026-08-11,v9.0 §4.1-4.8,public/visual-assets/pets\charcoal\pet-dog-greet-1-1024.png
pet-dog-greet-2-1024.png,digital/pet,charcoal,dog,greet,2,1024×1024,14KB,v1.0,2026-08-11,v9.0 §4.1-4.8,public/visual-assets/pets\charcoal\pet-dog-greet-2-1024.png
pet-dog-greet-3-1024.png,digital/pet,charcoal,dog,greet,3,1024×1024,14KB,v1.0,2026-08-11,v9.0 §4.1-4.8,public/visual-assets/pets\charcoal\pet-dog-greet-3-1024.png
pet-dog-greet-4-1024.png,digital/pet,charcoal,dog,greet,4,1024×1024,14KB,v1.0,2026-08-11,v9.0 §4.1-4.8,public/visual-assets/pets\charcoal\pet-dog-greet-4-1024.png
pet-dog-idle-1-1024.png,digital/pet,charcoal,dog,idle,1,1024×1024,13KB,v1.0,2026-08-11,v9.0 §4.1-4.8,public/visual-assets/pets\charcoal\pet-dog-idle-1-1024.png
pet-dog-idle-2-1024.png,digital/pet,charcoal,dog,idle,2,1024×1024,13KB,v1.0,2026-08-11,v9.0 §4.1-4.8,public/visual-assets/pets\charcoal\pet-dog-idle-2-1024.png
pet-dog-miss-1-1024.png,digital/pet,charcoal,dog,miss,1,1024×1024,14KB,v1.0,2026-08-11,v9.0 §4.1-4.8,public/visual-assets/pets\charcoal\pet-dog-miss-1-1024.png
pet-dog-miss-2-1024.png,digital/pet,charcoal,dog,miss,2,1024×1024,14KB,v1.0,2026-08-11,v9.0 §4.1-4.8,public/visual-assets/pets\charcoal\pet-dog-miss-2-1024.png
pet-dog-sign-1-1024.png,digital/pet,charcoal,dog,sign,1,1024×1024,13KB,v1.0,2026-08-11,v9.0 §4.1-4.8,public/visual-assets/pets\charcoal\pet-dog-sign-1-1024.png
pet-dog-sign-2-1024.png,digital/pet,charcoal,dog,sign,2,1024×1024,13KB,v1.0,2026-08-11,v9.0 §4.1-4.8,public/visual-assets/pets\charcoal\pet-dog-sign-2-1024.png
pet-dog-sign-3-1024.png,digital/pet,charcoal,dog,sign,3,1024×1024,13KB,v1.0,2026-08-11,v9.0 §4.1-4.8,public/visual-assets/pets\charcoal\pet-dog-sign-3-1024.png
pet-dog-sleep-1-1024.png,digital/pet,charcoal,dog,sleep,1,1024×1024,13KB,v1.0,2026-08-11,v9.0 §4.1-4.8,public/visual-assets/pets\charcoal\pet-dog-sleep-1-1024.png
pet-dog-sleep-2-1024.png,digital/pet,charcoal,dog,sleep,2,1024×1024,13KB,v1.0,2026-08-11,v9.0 §4.1-4.8,public/visual-assets/pets\charcoal\pet-dog-sleep-2-1024.png
pet-dog-squeezed-1-1024.png,digital/pet,charcoal,dog,squeezed,1,1024×1024,12KB,v1.0,2026-08-11,v9.0 §4.1-4.8,public/visual-assets/pets\charcoal\pet-dog-squeezed-1-1024.png
pet-dog-squeezed-2-1024.png,digital/pet,charcoal,dog,squeezed,2,1024×1024,13KB,v1.0,2026-08-11,v9.0 §4.1-4.8,public/visual-assets/pets\charcoal\pet-dog-squeezed-2-1024.png
pet-dog-squeezed-3-1024.png,digital/pet,charcoal,dog,squeezed,3,1024×1024,13KB,v1.0,2026-08-11,v9.0 §4.1-4.8,public/visual-assets/pets\charcoal\pet-dog-squeezed-3-1024.png
pet-dog-success-1-1024.png,digital/pet,charcoal,dog,success,1,1024×1024,13KB,v1.0,2026-08-11,v9.0 §4.1-4.8,public/visual-assets/pets\charcoal\pet-dog-success-1-1024.png
pet-dog-success-2-1024.png,digital/pet,charcoal,dog,success,2,1024×1024,13KB,v1.0,2026-08-11,v9.0 §4.1-4.8,public/visual-assets/pets\charcoal\pet-dog-success-2-1024.png
pet-dog-talking-1-1024.png,digital/pet,charcoal,dog,talking,1,1024×1024,13KB,v1.0,2026-08-11,v9.0 §4.1-4.8,public/visual-assets/pets\charcoal\pet-dog-talking-1-1024.png
pet-dog-talking-2-1024.png,digital/pet,charcoal,dog,talking,2,1024×1024,13KB,v1.0,2026-08-11,v9.0 §4.1-4.8,public/visual-assets/pets\charcoal\pet-dog-talking-2-1024.png
pet-dog-talking-3-1024.png,digital/pet,charcoal,dog,talking,3,1024×1024,13KB,v1.0,2026-08-11,v9.0 §4.1-4.8,public/visual-assets/pets\charcoal\pet-dog-talking-3-1024.png
pet-dog-thinking-1-1024.png,digital/pet,charcoal,dog,thinking,1,1024×1024,14KB,v1.0,2026-08-11,v9.0 §4.1-4.8,public/visual-assets/pets\charcoal\pet-dog-thinking-1-1024.png
pet-dog-thinking-2-1024.png,digital/pet,charcoal,dog,thinking,2,1024×1024,14KB,v1.0,2026-08-11,v9.0 §4.1-4.8,public/visual-assets/pets\charcoal\pet-dog-thinking-2-1024.png
pet-fantasy-blink-1-1024.png,digital/pet,charcoal,fantasy,blink,1,1024×1024,13KB,v1.0,2026-08-11,v9.0 §4.1-4.8,public/visual-assets/pets\charcoal\pet-fantasy-blink-1-1024.png
pet-fantasy-blink-2-1024.png,digital/pet,charcoal,fantasy,blink,2,1024×1024,13KB,v1.0,2026-08-11,v9.0 §4.1-4.8,public/visual-assets/pets\charcoal\pet-fantasy-blink-2-1024.png
pet-fantasy-blink-3-1024.png,digital/pet,charcoal,fantasy,blink,3,1024×1024,13KB,v1.0,2026-08-11,v9.0 §4.1-4.8,public/visual-assets/pets\charcoal\pet-fantasy-blink-3-1024.png
pet-fantasy-greet-1-1024.png,digital/pet,charcoal,fantasy,greet,1,1024×1024,15KB,v1.0,2026-08-11,v9.0 §4.1-4.8,public/visual-assets/pets\charcoal\pet-fantasy-greet-1-1024.png
pet-fantasy-greet-2-1024.png,digital/pet,charcoal,fantasy,greet,2,1024×1024,15KB,v1.0,2026-08-11,v9.0 §4.1-4.8,public/visual-assets/pets\charcoal\pet-fantasy-greet-2-1024.png
pet-fantasy-greet-3-1024.png,digital/pet,charcoal,fantasy,greet,3,1024×1024,15KB,v1.0,2026-08-11,v9.0 §4.1-4.8,public/visual-assets/pets\charcoal\pet-fantasy-greet-3-1024.png
pet-fantasy-greet-4-1024.png,digital/pet,charcoal,fantasy,greet,4,1024×1024,15KB,v1.0,2026-08-11,v9.0 §4.1-4.8,public/visual-assets/pets\charcoal\pet-fantasy-greet-4-1024.png
pet-fantasy-idle-1-1024.png,digital/pet,charcoal,fantasy,idle,1,1024×1024,13KB,v1.0,2026-08-11,v9.0 §4.1-4.8,public/visual-assets/pets\charcoal\pet-fantasy-idle-1-1024.png
pet-fantasy-idle-2-1024.png,digital/pet,charcoal,fantasy,idle,2,1024×1024,13KB,v1.0,2026-08-11,v9.0 §4.1-4.8,public/visual-assets/pets\charcoal\pet-fantasy-idle-2-1024.png
pet-fantasy-miss-1-1024.png,digital/pet,charcoal,fantasy,miss,1,1024×1024,15KB,v1.0,2026-08-11,v9.0 §4.1-4.8,public/visual-assets/pets\charcoal\pet-fantasy-miss-1-1024.png
pet-fantasy-miss-2-1024.png,digital/pet,charcoal,fantasy,miss,2,1024×1024,15KB,v1.0,2026-08-11,v9.0 §4.1-4.8,public/visual-assets/pets\charcoal\pet-fantasy-miss-2-1024.png
pet-fantasy-sign-1-1024.png,digital/pet,charcoal,fantasy,sign,1,1024×1024,14KB,v1.0,2026-08-11,v9.0 §4.1-4.8,public/visual-assets/pets\charcoal\pet-fantasy-sign-1-1024.png
pet-fantasy-sign-2-1024.png,digital/pet,charcoal,fantasy,sign,2,1024×1024,14KB,v1.0,2026-08-11,v9.0 §4.1-4.8,public/visual-assets/pets\charcoal\pet-fantasy-sign-2-1024.png
pet-fantasy-sign-3-1024.png,digital/pet,charcoal,fantasy,sign,3,1024×1024,14KB,v1.0,2026-08-11,v9.0 §4.1-4.8,public/visual-assets/pets\charcoal\pet-fantasy-sign-3-1024.png
pet-fantasy-sleep-1-1024.png,digital/pet,charcoal,fantasy,sleep,1,1024×1024,13KB,v1.0,2026-08-11,v9.0 §4.1-4.8,public/visual-assets/pets\charcoal\pet-fantasy-sleep-1-1024.png
pet-fantasy-sleep-2-1024.png,digital/pet,charcoal,fantasy,sleep,2,1024×1024,13KB,v1.0,2026-08-11,v9.0 §4.1-4.8,public/visual-assets/pets\charcoal\pet-fantasy-sleep-2-1024.png
pet-fantasy-squeezed-1-1024.png,digital/pet,charcoal,fantasy,squeezed,1,1024×1024,13KB,v1.0,2026-08-11,v9.0 §4.1-4.8,public/visual-assets/pets\charcoal\pet-fantasy-squeezed-1-1024.png
pet-fantasy-squeezed-2-1024.png,digital/pet,charcoal,fantasy,squeezed,2,1024×1024,13KB,v1.0,2026-08-11,v9.0 §4.1-4.8,public/visual-assets/pets\charcoal\pet-fantasy-squeezed-2-1024.png
pet-fantasy-squeezed-3-1024.png,digital/pet,charcoal,fantasy,squeezed,3,1024×1024,13KB,v1.0,2026-08-11,v9.0 §4.1-4.8,public/visual-assets/pets\charcoal\pet-fantasy-squeezed-3-1024.png
pet-fantasy-success-1-1024.png,digital/pet,charcoal,fantasy,success,1,1024×1024,13KB,v1.0,2026-08-11,v9.0 §4.1-4.8,public/visual-assets/pets\charcoal\pet-fantasy-success-1-1024.png
pet-fantasy-success-2-1024.png,digital/pet,charcoal,fantasy,success,2,1024×1024,14KB,v1.0,2026-08-11,v9.0 §4.1-4.8,public/visual-assets/pets\charcoal\pet-fantasy-success-2-1024.png
pet-fantasy-talking-1-1024.png,digital/pet,charcoal,fantasy,talking,1,1024×1024,14KB,v1.0,2026-08-11,v9.0 §4.1-4.8,public/visual-assets/pets\charcoal\pet-fantasy-talking-1-1024.png
pet-fantasy-talking-2-1024.png,digital/pet,charcoal,fantasy,talking,2,1024×1024,13KB,v1.0,2026-08-11,v9.0 §4.1-4.8,public/visual-assets/pets\charcoal\pet-fantasy-talking-2-1024.png
pet-fantasy-talking-3-1024.png,digital/pet,charcoal,fantasy,talking,3,1024×1024,14KB,v1.0,2026-08-11,v9.0 §4.1-4.8,public/visual-assets/pets\charcoal\pet-fantasy-talking-3-1024.png
pet-fantasy-thinking-1-1024.png,digital/pet,charcoal,fantasy,thinking,1,1024×1024,15KB,v1.0,2026-08-11,v9.0 §4.1-4.8,public/visual-assets/pets\charcoal\pet-fantasy-thinking-1-1024.png
pet-fantasy-thinking-2-1024.png,digital/pet,charcoal,fantasy,thinking,2,1024×1024,15KB,v1.0,2026-08-11,v9.0 §4.1-4.8,public/visual-assets/pets\charcoal\pet-fantasy-thinking-2-1024.png
pet-cat-blink-1-1024.png,digital/pet,lavender,cat,blink,1,1024×1024,13KB,v1.0,2026-08-11,v9.0 §4.1-4.8,public/visual-assets/pets\lavender\pet-cat-blink-1-1024.png
pet-cat-blink-2-1024.png,digital/pet,lavender,cat,blink,2,1024×1024,13KB,v1.0,2026-08-11,v9.0 §4.1-4.8,public/visual-assets/pets\lavender\pet-cat-blink-2-1024.png
pet-cat-blink-3-1024.png,digital/pet,lavender,cat,blink,3,1024×1024,13KB,v1.0,2026-08-11,v9.0 §4.1-4.8,public/visual-assets/pets\lavender\pet-cat-blink-3-1024.png
pet-cat-greet-1-1024.png,digital/pet,lavender,cat,greet,1,1024×1024,15KB,v1.0,2026-08-11,v9.0 §4.1-4.8,public/visual-assets/pets\lavender\pet-cat-greet-1-1024.png
pet-cat-greet-2-1024.png,digital/pet,lavender,cat,greet,2,1024×1024,15KB,v1.0,2026-08-11,v9.0 §4.1-4.8,public/visual-assets/pets\lavender\pet-cat-greet-2-1024.png
pet-cat-greet-3-1024.png,digital/pet,lavender,cat,greet,3,1024×1024,15KB,v1.0,2026-08-11,v9.0 §4.1-4.8,public/visual-assets/pets\lavender\pet-cat-greet-3-1024.png
pet-cat-greet-4-1024.png,digital/pet,lavender,cat,greet,4,1024×1024,15KB,v1.0,2026-08-11,v9.0 §4.1-4.8,public/visual-assets/pets\lavender\pet-cat-greet-4-1024.png
pet-cat-idle-1-1024.png,digital/pet,lavender,cat,idle,1,1024×1024,13KB,v1.0,2026-08-11,v9.0 §4.1-4.8,public/visual-assets/pets\lavender\pet-cat-idle-1-1024.png
pet-cat-idle-2-1024.png,digital/pet,lavender,cat,idle,2,1024×1024,13KB,v1.0,2026-08-11,v9.0 §4.1-4.8,public/visual-assets/pets\lavender\pet-cat-idle-2-1024.png
pet-cat-miss-1-1024.png,digital/pet,lavender,cat,miss,1,1024×1024,14KB,v1.0,2026-08-11,v9.0 §4.1-4.8,public/visual-assets/pets\lavender\pet-cat-miss-1-1024.png
pet-cat-miss-2-1024.png,digital/pet,lavender,cat,miss,2,1024×1024,14KB,v1.0,2026-08-11,v9.0 §4.1-4.8,public/visual-assets/pets\lavender\pet-cat-miss-2-1024.png
pet-cat-sign-1-1024.png,digital/pet,lavender,cat,sign,1,1024×1024,13KB,v1.0,2026-08-11,v9.0 §4.1-4.8,public/visual-assets/pets\lavender\pet-cat-sign-1-1024.png
pet-cat-sign-2-1024.png,digital/pet,lavender,cat,sign,2,1024×1024,13KB,v1.0,2026-08-11,v9.0 §4.1-4.8,public/visual-assets/pets\lavender\pet-cat-sign-2-1024.png
pet-cat-sign-3-1024.png,digital/pet,lavender,cat,sign,3,1024×1024,13KB,v1.0,2026-08-11,v9.0 §4.1-4.8,public/visual-assets/pets\lavender\pet-cat-sign-3-1024.png
pet-cat-sleep-1-1024.png,digital/pet,lavender,cat,sleep,1,1024×1024,13KB,v1.0,2026-08-11,v9.0 §4.1-4.8,public/visual-assets/pets\lavender\pet-cat-sleep-1-1024.png
pet-cat-sleep-2-1024.png,digital/pet,lavender,cat,sleep,2,1024×1024,13KB,v1.0,2026-08-11,v9.0 §4.1-4.8,public/visual-assets/pets\lavender\pet-cat-sleep-2-1024.png
pet-cat-squeezed-1-1024.png,digital/pet,lavender,cat,squeezed,1,1024×1024,12KB,v1.0,2026-08-11,v9.0 §4.1-4.8,public/visual-assets/pets\lavender\pet-cat-squeezed-1-1024.png
pet-cat-squeezed-2-1024.png,digital/pet,lavender,cat,squeezed,2,1024×1024,13KB,v1.0,2026-08-11,v9.0 §4.1-4.8,public/visual-assets/pets\lavender\pet-cat-squeezed-2-1024.png
pet-cat-squeezed-3-1024.png,digital/pet,lavender,cat,squeezed,3,1024×1024,13KB,v1.0,2026-08-11,v9.0 §4.1-4.8,public/visual-assets/pets\lavender\pet-cat-squeezed-3-1024.png
pet-cat-success-1-1024.png,digital/pet,lavender,cat,success,1,1024×1024,13KB,v1.0,2026-08-11,v9.0 §4.1-4.8,public/visual-assets/pets\lavender\pet-cat-success-1-1024.png
pet-cat-success-2-1024.png,digital/pet,lavender,cat,success,2,1024×1024,13KB,v1.0,2026-08-11,v9.0 §4.1-4.8,public/visual-assets/pets\lavender\pet-cat-success-2-1024.png
pet-cat-talking-1-1024.png,digital/pet,lavender,cat,talking,1,1024×1024,13KB,v1.0,2026-08-11,v9.0 §4.1-4.8,public/visual-assets/pets\lavender\pet-cat-talking-1-1024.png
pet-cat-talking-2-1024.png,digital/pet,lavender,cat,talking,2,1024×1024,13KB,v1.0,2026-08-11,v9.0 §4.1-4.8,public/visual-assets/pets\lavender\pet-cat-talking-2-1024.png
pet-cat-talking-3-1024.png,digital/pet,lavender,cat,talking,3,1024×1024,13KB,v1.0,2026-08-11,v9.0 §4.1-4.8,public/visual-assets/pets\lavender\pet-cat-talking-3-1024.png
pet-cat-thinking-1-1024.png,digital/pet,lavender,cat,thinking,1,1024×1024,15KB,v1.0,2026-08-11,v9.0 §4.1-4.8,public/visual-assets/pets\lavender\pet-cat-thinking-1-1024.png
pet-cat-thinking-2-1024.png,digital/pet,lavender,cat,thinking,2,1024×1024,14KB,v1.0,2026-08-11,v9.0 §4.1-4.8,public/visual-assets/pets\lavender\pet-cat-thinking-2-1024.png
pet-dog-blink-1-1024.png,digital/pet,lavender,dog,blink,1,1024×1024,13KB,v1.0,2026-08-11,v9.0 §4.1-4.8,public/visual-assets/pets\lavender\pet-dog-blink-1-1024.png
pet-dog-blink-2-1024.png,digital/pet,lavender,dog,blink,2,1024×1024,13KB,v1.0,2026-08-11,v9.0 §4.1-4.8,public/visual-assets/pets\lavender\pet-dog-blink-2-1024.png
pet-dog-blink-3-1024.png,digital/pet,lavender,dog,blink,3,1024×1024,13KB,v1.0,2026-08-11,v9.0 §4.1-4.8,public/visual-assets/pets\lavender\pet-dog-blink-3-1024.png
pet-dog-greet-1-1024.png,digital/pet,lavender,dog,greet,1,1024×1024,14KB,v1.0,2026-08-11,v9.0 §4.1-4.8,public/visual-assets/pets\lavender\pet-dog-greet-1-1024.png
pet-dog-greet-2-1024.png,digital/pet,lavender,dog,greet,2,1024×1024,14KB,v1.0,2026-08-11,v9.0 §4.1-4.8,public/visual-assets/pets\lavender\pet-dog-greet-2-1024.png
pet-dog-greet-3-1024.png,digital/pet,lavender,dog,greet,3,1024×1024,14KB,v1.0,2026-08-11,v9.0 §4.1-4.8,public/visual-assets/pets\lavender\pet-dog-greet-3-1024.png
pet-dog-greet-4-1024.png,digital/pet,lavender,dog,greet,4,1024×1024,14KB,v1.0,2026-08-11,v9.0 §4.1-4.8,public/visual-assets/pets\lavender\pet-dog-greet-4-1024.png
pet-dog-idle-1-1024.png,digital/pet,lavender,dog,idle,1,1024×1024,13KB,v1.0,2026-08-11,v9.0 §4.1-4.8,public/visual-assets/pets\lavender\pet-dog-idle-1-1024.png
pet-dog-idle-2-1024.png,digital/pet,lavender,dog,idle,2,1024×1024,13KB,v1.0,2026-08-11,v9.0 §4.1-4.8,public/visual-assets/pets\lavender\pet-dog-idle-2-1024.png
pet-dog-miss-1-1024.png,digital/pet,lavender,dog,miss,1,1024×1024,14KB,v1.0,2026-08-11,v9.0 §4.1-4.8,public/visual-assets/pets\lavender\pet-dog-miss-1-1024.png
pet-dog-miss-2-1024.png,digital/pet,lavender,dog,miss,2,1024×1024,14KB,v1.0,2026-08-11,v9.0 §4.1-4.8,public/visual-assets/pets\lavender\pet-dog-miss-2-1024.png
pet-dog-sign-1-1024.png,digital/pet,lavender,dog,sign,1,1024×1024,13KB,v1.0,2026-08-11,v9.0 §4.1-4.8,public/visual-assets/pets\lavender\pet-dog-sign-1-1024.png
pet-dog-sign-2-1024.png,digital/pet,lavender,dog,sign,2,1024×1024,13KB,v1.0,2026-08-11,v9.0 §4.1-4.8,public/visual-assets/pets\lavender\pet-dog-sign-2-1024.png
pet-dog-sign-3-1024.png,digital/pet,lavender,dog,sign,3,1024×1024,13KB,v1.0,2026-08-11,v9.0 §4.1-4.8,public/visual-assets/pets\lavender\pet-dog-sign-3-1024.png
pet-dog-sleep-1-1024.png,digital/pet,lavender,dog,sleep,1,1024×1024,13KB,v1.0,2026-08-11,v9.0 §4.1-4.8,public/visual-assets/pets\lavender\pet-dog-sleep-1-1024.png
pet-dog-sleep-2-1024.png,digital/pet,lavender,dog,sleep,2,1024×1024,13KB,v1.0,2026-08-11,v9.0 §4.1-4.8,public/visual-assets/pets\lavender\pet-dog-sleep-2-1024.png
pet-dog-squeezed-1-1024.png,digital/pet,lavender,dog,squeezed,1,1024×1024,12KB,v1.0,2026-08-11,v9.0 §4.1-4.8,public/visual-assets/pets\lavender\pet-dog-squeezed-1-1024.png
pet-dog-squeezed-2-1024.png,digital/pet,lavender,dog,squeezed,2,1024×1024,13KB,v1.0,2026-08-11,v9.0 §4.1-4.8,public/visual-assets/pets\lavender\pet-dog-squeezed-2-1024.png
pet-dog-squeezed-3-1024.png,digital/pet,lavender,dog,squeezed,3,1024×1024,13KB,v1.0,2026-08-11,v9.0 §4.1-4.8,public/visual-assets/pets\lavender\pet-dog-squeezed-3-1024.png
pet-dog-success-1-1024.png,digital/pet,lavender,dog,success,1,1024×1024,13KB,v1.0,2026-08-11,v9.0 §4.1-4.8,public/visual-assets/pets\lavender\pet-dog-success-1-1024.png
pet-dog-success-2-1024.png,digital/pet,lavender,dog,success,2,1024×1024,13KB,v1.0,2026-08-11,v9.0 §4.1-4.8,public/visual-assets/pets\lavender\pet-dog-success-2-1024.png
pet-dog-talking-1-1024.png,digital/pet,lavender,dog,talking,1,1024×1024,13KB,v1.0,2026-08-11,v9.0 §4.1-4.8,public/visual-assets/pets\lavender\pet-dog-talking-1-1024.png
pet-dog-talking-2-1024.png,digital/pet,lavender,dog,talking,2,1024×1024,13KB,v1.0,2026-08-11,v9.0 §4.1-4.8,public/visual-assets/pets\lavender\pet-dog-talking-2-1024.png
pet-dog-talking-3-1024.png,digital/pet,lavender,dog,talking,3,1024×1024,13KB,v1.0,2026-08-11,v9.0 §4.1-4.8,public/visual-assets/pets\lavender\pet-dog-talking-3-1024.png
pet-dog-thinking-1-1024.png,digital/pet,lavender,dog,thinking,1,1024×1024,14KB,v1.0,2026-08-11,v9.0 §4.1-4.8,public/visual-assets/pets\lavender\pet-dog-thinking-1-1024.png
pet-dog-thinking-2-1024.png,digital/pet,lavender,dog,thinking,2,1024×1024,14KB,v1.0,2026-08-11,v9.0 §4.1-4.8,public/visual-assets/pets\lavender\pet-dog-thinking-2-1024.png
pet-fantasy-blink-1-1024.png,digital/pet,lavender,fantasy,blink,1,1024×1024,14KB,v1.0,2026-08-11,v9.0 §4.1-4.8,public/visual-assets/pets\lavender\pet-fantasy-blink-1-1024.png
pet-fantasy-blink-2-1024.png,digital/pet,lavender,fantasy,blink,2,1024×1024,13KB,v1.0,2026-08-11,v9.0 §4.1-4.8,public/visual-assets/pets\lavender\pet-fantasy-blink-2-1024.png
pet-fantasy-blink-3-1024.png,digital/pet,lavender,fantasy,blink,3,1024×1024,14KB,v1.0,2026-08-11,v9.0 §4.1-4.8,public/visual-assets/pets\lavender\pet-fantasy-blink-3-1024.png
pet-fantasy-greet-1-1024.png,digital/pet,lavender,fantasy,greet,1,1024×1024,15KB,v1.0,2026-08-11,v9.0 §4.1-4.8,public/visual-assets/pets\lavender\pet-fantasy-greet-1-1024.png
pet-fantasy-greet-2-1024.png,digital/pet,lavender,fantasy,greet,2,1024×1024,15KB,v1.0,2026-08-11,v9.0 §4.1-4.8,public/visual-assets/pets\lavender\pet-fantasy-greet-2-1024.png
pet-fantasy-greet-3-1024.png,digital/pet,lavender,fantasy,greet,3,1024×1024,15KB,v1.0,2026-08-11,v9.0 §4.1-4.8,public/visual-assets/pets\lavender\pet-fantasy-greet-3-1024.png
pet-fantasy-greet-4-1024.png,digital/pet,lavender,fantasy,greet,4,1024×1024,15KB,v1.0,2026-08-11,v9.0 §4.1-4.8,public/visual-assets/pets\lavender\pet-fantasy-greet-4-1024.png
pet-fantasy-idle-1-1024.png,digital/pet,lavender,fantasy,idle,1,1024×1024,14KB,v1.0,2026-08-11,v9.0 §4.1-4.8,public/visual-assets/pets\lavender\pet-fantasy-idle-1-1024.png
pet-fantasy-idle-2-1024.png,digital/pet,lavender,fantasy,idle,2,1024×1024,14KB,v1.0,2026-08-11,v9.0 §4.1-4.8,public/visual-assets/pets\lavender\pet-fantasy-idle-2-1024.png
pet-fantasy-miss-1-1024.png,digital/pet,lavender,fantasy,miss,1,1024×1024,15KB,v1.0,2026-08-11,v9.0 §4.1-4.8,public/visual-assets/pets\lavender\pet-fantasy-miss-1-1024.png
pet-fantasy-miss-2-1024.png,digital/pet,lavender,fantasy,miss,2,1024×1024,15KB,v1.0,2026-08-11,v9.0 §4.1-4.8,public/visual-assets/pets\lavender\pet-fantasy-miss-2-1024.png
pet-fantasy-sign-1-1024.png,digital/pet,lavender,fantasy,sign,1,1024×1024,14KB,v1.0,2026-08-11,v9.0 §4.1-4.8,public/visual-assets/pets\lavender\pet-fantasy-sign-1-1024.png
pet-fantasy-sign-2-1024.png,digital/pet,lavender,fantasy,sign,2,1024×1024,14KB,v1.0,2026-08-11,v9.0 §4.1-4.8,public/visual-assets/pets\lavender\pet-fantasy-sign-2-1024.png
pet-fantasy-sign-3-1024.png,digital/pet,lavender,fantasy,sign,3,1024×1024,14KB,v1.0,2026-08-11,v9.0 §4.1-4.8,public/visual-assets/pets\lavender\pet-fantasy-sign-3-1024.png
pet-fantasy-sleep-1-1024.png,digital/pet,lavender,fantasy,sleep,1,1024×1024,13KB,v1.0,2026-08-11,v9.0 §4.1-4.8,public/visual-assets/pets\lavender\pet-fantasy-sleep-1-1024.png
pet-fantasy-sleep-2-1024.png,digital/pet,lavender,fantasy,sleep,2,1024×1024,13KB,v1.0,2026-08-11,v9.0 §4.1-4.8,public/visual-assets/pets\lavender\pet-fantasy-sleep-2-1024.png
pet-fantasy-squeezed-1-1024.png,digital/pet,lavender,fantasy,squeezed,1,1024×1024,13KB,v1.0,2026-08-11,v9.0 §4.1-4.8,public/visual-assets/pets\lavender\pet-fantasy-squeezed-1-1024.png
pet-fantasy-squeezed-2-1024.png,digital/pet,lavender,fantasy,squeezed,2,1024×1024,14KB,v1.0,2026-08-11,v9.0 §4.1-4.8,public/visual-assets/pets\lavender\pet-fantasy-squeezed-2-1024.png
pet-fantasy-squeezed-3-1024.png,digital/pet,lavender,fantasy,squeezed,3,1024×1024,14KB,v1.0,2026-08-11,v9.0 §4.1-4.8,public/visual-assets/pets\lavender\pet-fantasy-squeezed-3-1024.png
pet-fantasy-success-1-1024.png,digital/pet,lavender,fantasy,success,1,1024×1024,14KB,v1.0,2026-08-11,v9.0 §4.1-4.8,public/visual-assets/pets\lavender\pet-fantasy-success-1-1024.png
pet-fantasy-success-2-1024.png,digital/pet,lavender,fantasy,success,2,1024×1024,14KB,v1.0,2026-08-11,v9.0 §4.1-4.8,public/visual-assets/pets\lavender\pet-fantasy-success-2-1024.png
pet-fantasy-talking-1-1024.png,digital/pet,lavender,fantasy,talking,1,1024×1024,14KB,v1.0,2026-08-11,v9.0 §4.1-4.8,public/visual-assets/pets\lavender\pet-fantasy-talking-1-1024.png
pet-fantasy-talking-2-1024.png,digital/pet,lavender,fantasy,talking,2,1024×1024,14KB,v1.0,2026-08-11,v9.0 §4.1-4.8,public/visual-assets/pets\lavender\pet-fantasy-talking-2-1024.png
pet-fantasy-talking-3-1024.png,digital/pet,lavender,fantasy,talking,3,1024×1024,14KB,v1.0,2026-08-11,v9.0 §4.1-4.8,public/visual-assets/pets\lavender\pet-fantasy-talking-3-1024.png
pet-fantasy-thinking-1-1024.png,digital/pet,lavender,fantasy,thinking,1,1024×1024,15KB,v1.0,2026-08-11,v9.0 §4.1-4.8,public/visual-assets/pets\lavender\pet-fantasy-thinking-1-1024.png
pet-fantasy-thinking-2-1024.png,digital/pet,lavender,fantasy,thinking,2,1024×1024,15KB,v1.0,2026-08-11,v9.0 §4.1-4.8,public/visual-assets/pets\lavender\pet-fantasy-thinking-2-1024.png
pet-cat-blink-1-1024.png,digital/pet,mint,cat,blink,1,1024×1024,13KB,v1.0,2026-08-11,v9.0 §4.1-4.8,public/visual-assets/pets\mint\pet-cat-blink-1-1024.png
pet-cat-blink-2-1024.png,digital/pet,mint,cat,blink,2,1024×1024,13KB,v1.0,2026-08-11,v9.0 §4.1-4.8,public/visual-assets/pets\mint\pet-cat-blink-2-1024.png
pet-cat-blink-3-1024.png,digital/pet,mint,cat,blink,3,1024×1024,13KB,v1.0,2026-08-11,v9.0 §4.1-4.8,public/visual-assets/pets\mint\pet-cat-blink-3-1024.png
pet-cat-greet-1-1024.png,digital/pet,mint,cat,greet,1,1024×1024,15KB,v1.0,2026-08-11,v9.0 §4.1-4.8,public/visual-assets/pets\mint\pet-cat-greet-1-1024.png
pet-cat-greet-2-1024.png,digital/pet,mint,cat,greet,2,1024×1024,15KB,v1.0,2026-08-11,v9.0 §4.1-4.8,public/visual-assets/pets\mint\pet-cat-greet-2-1024.png
pet-cat-greet-3-1024.png,digital/pet,mint,cat,greet,3,1024×1024,15KB,v1.0,2026-08-11,v9.0 §4.1-4.8,public/visual-assets/pets\mint\pet-cat-greet-3-1024.png
pet-cat-greet-4-1024.png,digital/pet,mint,cat,greet,4,1024×1024,15KB,v1.0,2026-08-11,v9.0 §4.1-4.8,public/visual-assets/pets\mint\pet-cat-greet-4-1024.png
pet-cat-idle-1-1024.png,digital/pet,mint,cat,idle,1,1024×1024,13KB,v1.0,2026-08-11,v9.0 §4.1-4.8,public/visual-assets/pets\mint\pet-cat-idle-1-1024.png
pet-cat-idle-2-1024.png,digital/pet,mint,cat,idle,2,1024×1024,13KB,v1.0,2026-08-11,v9.0 §4.1-4.8,public/visual-assets/pets\mint\pet-cat-idle-2-1024.png
pet-cat-miss-1-1024.png,digital/pet,mint,cat,miss,1,1024×1024,14KB,v1.0,2026-08-11,v9.0 §4.1-4.8,public/visual-assets/pets\mint\pet-cat-miss-1-1024.png
pet-cat-miss-2-1024.png,digital/pet,mint,cat,miss,2,1024×1024,14KB,v1.0,2026-08-11,v9.0 §4.1-4.8,public/visual-assets/pets\mint\pet-cat-miss-2-1024.png
pet-cat-sign-1-1024.png,digital/pet,mint,cat,sign,1,1024×1024,13KB,v1.0,2026-08-11,v9.0 §4.1-4.8,public/visual-assets/pets\mint\pet-cat-sign-1-1024.png
pet-cat-sign-2-1024.png,digital/pet,mint,cat,sign,2,1024×1024,13KB,v1.0,2026-08-11,v9.0 §4.1-4.8,public/visual-assets/pets\mint\pet-cat-sign-2-1024.png
pet-cat-sign-3-1024.png,digital/pet,mint,cat,sign,3,1024×1024,13KB,v1.0,2026-08-11,v9.0 §4.1-4.8,public/visual-assets/pets\mint\pet-cat-sign-3-1024.png
pet-cat-sleep-1-1024.png,digital/pet,mint,cat,sleep,1,1024×1024,13KB,v1.0,2026-08-11,v9.0 §4.1-4.8,public/visual-assets/pets\mint\pet-cat-sleep-1-1024.png
pet-cat-sleep-2-1024.png,digital/pet,mint,cat,sleep,2,1024×1024,13KB,v1.0,2026-08-11,v9.0 §4.1-4.8,public/visual-assets/pets\mint\pet-cat-sleep-2-1024.png
pet-cat-squeezed-1-1024.png,digital/pet,mint,cat,squeezed,1,1024×1024,12KB,v1.0,2026-08-11,v9.0 §4.1-4.8,public/visual-assets/pets\mint\pet-cat-squeezed-1-1024.png
pet-cat-squeezed-2-1024.png,digital/pet,mint,cat,squeezed,2,1024×1024,13KB,v1.0,2026-08-11,v9.0 §4.1-4.8,public/visual-assets/pets\mint\pet-cat-squeezed-2-1024.png
pet-cat-squeezed-3-1024.png,digital/pet,mint,cat,squeezed,3,1024×1024,13KB,v1.0,2026-08-11,v9.0 §4.1-4.8,public/visual-assets/pets\mint\pet-cat-squeezed-3-1024.png
pet-cat-success-1-1024.png,digital/pet,mint,cat,success,1,1024×1024,13KB,v1.0,2026-08-11,v9.0 §4.1-4.8,public/visual-assets/pets\mint\pet-cat-success-1-1024.png
pet-cat-success-2-1024.png,digital/pet,mint,cat,success,2,1024×1024,13KB,v1.0,2026-08-11,v9.0 §4.1-4.8,public/visual-assets/pets\mint\pet-cat-success-2-1024.png
pet-cat-talking-1-1024.png,digital/pet,mint,cat,talking,1,1024×1024,13KB,v1.0,2026-08-11,v9.0 §4.1-4.8,public/visual-assets/pets\mint\pet-cat-talking-1-1024.png
pet-cat-talking-2-1024.png,digital/pet,mint,cat,talking,2,1024×1024,13KB,v1.0,2026-08-11,v9.0 §4.1-4.8,public/visual-assets/pets\mint\pet-cat-talking-2-1024.png
pet-cat-talking-3-1024.png,digital/pet,mint,cat,talking,3,1024×1024,13KB,v1.0,2026-08-11,v9.0 §4.1-4.8,public/visual-assets/pets\mint\pet-cat-talking-3-1024.png
pet-cat-thinking-1-1024.png,digital/pet,mint,cat,thinking,1,1024×1024,15KB,v1.0,2026-08-11,v9.0 §4.1-4.8,public/visual-assets/pets\mint\pet-cat-thinking-1-1024.png
pet-cat-thinking-2-1024.png,digital/pet,mint,cat,thinking,2,1024×1024,14KB,v1.0,2026-08-11,v9.0 §4.1-4.8,public/visual-assets/pets\mint\pet-cat-thinking-2-1024.png
pet-dog-blink-1-1024.png,digital/pet,mint,dog,blink,1,1024×1024,13KB,v1.0,2026-08-11,v9.0 §4.1-4.8,public/visual-assets/pets\mint\pet-dog-blink-1-1024.png
pet-dog-blink-2-1024.png,digital/pet,mint,dog,blink,2,1024×1024,13KB,v1.0,2026-08-11,v9.0 §4.1-4.8,public/visual-assets/pets\mint\pet-dog-blink-2-1024.png
pet-dog-blink-3-1024.png,digital/pet,mint,dog,blink,3,1024×1024,13KB,v1.0,2026-08-11,v9.0 §4.1-4.8,public/visual-assets/pets\mint\pet-dog-blink-3-1024.png
pet-dog-greet-1-1024.png,digital/pet,mint,dog,greet,1,1024×1024,14KB,v1.0,2026-08-11,v9.0 §4.1-4.8,public/visual-assets/pets\mint\pet-dog-greet-1-1024.png
pet-dog-greet-2-1024.png,digital/pet,mint,dog,greet,2,1024×1024,14KB,v1.0,2026-08-11,v9.0 §4.1-4.8,public/visual-assets/pets\mint\pet-dog-greet-2-1024.png
pet-dog-greet-3-1024.png,digital/pet,mint,dog,greet,3,1024×1024,14KB,v1.0,2026-08-11,v9.0 §4.1-4.8,public/visual-assets/pets\mint\pet-dog-greet-3-1024.png
pet-dog-greet-4-1024.png,digital/pet,mint,dog,greet,4,1024×1024,14KB,v1.0,2026-08-11,v9.0 §4.1-4.8,public/visual-assets/pets\mint\pet-dog-greet-4-1024.png
pet-dog-idle-1-1024.png,digital/pet,mint,dog,idle,1,1024×1024,13KB,v1.0,2026-08-11,v9.0 §4.1-4.8,public/visual-assets/pets\mint\pet-dog-idle-1-1024.png
pet-dog-idle-2-1024.png,digital/pet,mint,dog,idle,2,1024×1024,13KB,v1.0,2026-08-11,v9.0 §4.1-4.8,public/visual-assets/pets\mint\pet-dog-idle-2-1024.png
pet-dog-miss-1-1024.png,digital/pet,mint,dog,miss,1,1024×1024,14KB,v1.0,2026-08-11,v9.0 §4.1-4.8,public/visual-assets/pets\mint\pet-dog-miss-1-1024.png
pet-dog-miss-2-1024.png,digital/pet,mint,dog,miss,2,1024×1024,14KB,v1.0,2026-08-11,v9.0 §4.1-4.8,public/visual-assets/pets\mint\pet-dog-miss-2-1024.png
pet-dog-sign-1-1024.png,digital/pet,mint,dog,sign,1,1024×1024,13KB,v1.0,2026-08-11,v9.0 §4.1-4.8,public/visual-assets/pets\mint\pet-dog-sign-1-1024.png
pet-dog-sign-2-1024.png,digital/pet,mint,dog,sign,2,1024×1024,13KB,v1.0,2026-08-11,v9.0 §4.1-4.8,public/visual-assets/pets\mint\pet-dog-sign-2-1024.png
pet-dog-sign-3-1024.png,digital/pet,mint,dog,sign,3,1024×1024,13KB,v1.0,2026-08-11,v9.0 §4.1-4.8,public/visual-assets/pets\mint\pet-dog-sign-3-1024.png
pet-dog-sleep-1-1024.png,digital/pet,mint,dog,sleep,1,1024×1024,13KB,v1.0,2026-08-11,v9.0 §4.1-4.8,public/visual-assets/pets\mint\pet-dog-sleep-1-1024.png
pet-dog-sleep-2-1024.png,digital/pet,mint,dog,sleep,2,1024×1024,13KB,v1.0,2026-08-11,v9.0 §4.1-4.8,public/visual-assets/pets\mint\pet-dog-sleep-2-1024.png
pet-dog-squeezed-1-1024.png,digital/pet,mint,dog,squeezed,1,1024×1024,12KB,v1.0,2026-08-11,v9.0 §4.1-4.8,public/visual-assets/pets\mint\pet-dog-squeezed-1-1024.png
pet-dog-squeezed-2-1024.png,digital/pet,mint,dog,squeezed,2,1024×1024,13KB,v1.0,2026-08-11,v9.0 §4.1-4.8,public/visual-assets/pets\mint\pet-dog-squeezed-2-1024.png
pet-dog-squeezed-3-1024.png,digital/pet,mint,dog,squeezed,3,1024×1024,13KB,v1.0,2026-08-11,v9.0 §4.1-4.8,public/visual-assets/pets\mint\pet-dog-squeezed-3-1024.png
pet-dog-success-1-1024.png,digital/pet,mint,dog,success,1,1024×1024,13KB,v1.0,2026-08-11,v9.0 §4.1-4.8,public/visual-assets/pets\mint\pet-dog-success-1-1024.png
pet-dog-success-2-1024.png,digital/pet,mint,dog,success,2,1024×1024,13KB,v1.0,2026-08-11,v9.0 §4.1-4.8,public/visual-assets/pets\mint\pet-dog-success-2-1024.png
pet-dog-talking-1-1024.png,digital/pet,mint,dog,talking,1,1024×1024,13KB,v1.0,2026-08-11,v9.0 §4.1-4.8,public/visual-assets/pets\mint\pet-dog-talking-1-1024.png
pet-dog-talking-2-1024.png,digital/pet,mint,dog,talking,2,1024×1024,13KB,v1.0,2026-08-11,v9.0 §4.1-4.8,public/visual-assets/pets\mint\pet-dog-talking-2-1024.png
pet-dog-talking-3-1024.png,digital/pet,mint,dog,talking,3,1024×1024,13KB,v1.0,2026-08-11,v9.0 §4.1-4.8,public/visual-assets/pets\mint\pet-dog-talking-3-1024.png
pet-dog-thinking-1-1024.png,digital/pet,mint,dog,thinking,1,1024×1024,14KB,v1.0,2026-08-11,v9.0 §4.1-4.8,public/visual-assets/pets\mint\pet-dog-thinking-1-1024.png
pet-dog-thinking-2-1024.png,digital/pet,mint,dog,thinking,2,1024×1024,14KB,v1.0,2026-08-11,v9.0 §4.1-4.8,public/visual-assets/pets\mint\pet-dog-thinking-2-1024.png
pet-fantasy-blink-1-1024.png,digital/pet,mint,fantasy,blink,1,1024×1024,14KB,v1.0,2026-08-11,v9.0 §4.1-4.8,public/visual-assets/pets\mint\pet-fantasy-blink-1-1024.png
pet-fantasy-blink-2-1024.png,digital/pet,mint,fantasy,blink,2,1024×1024,13KB,v1.0,2026-08-11,v9.0 §4.1-4.8,public/visual-assets/pets\mint\pet-fantasy-blink-2-1024.png
pet-fantasy-blink-3-1024.png,digital/pet,mint,fantasy,blink,3,1024×1024,14KB,v1.0,2026-08-11,v9.0 §4.1-4.8,public/visual-assets/pets\mint\pet-fantasy-blink-3-1024.png
pet-fantasy-greet-1-1024.png,digital/pet,mint,fantasy,greet,1,1024×1024,15KB,v1.0,2026-08-11,v9.0 §4.1-4.8,public/visual-assets/pets\mint\pet-fantasy-greet-1-1024.png
pet-fantasy-greet-2-1024.png,digital/pet,mint,fantasy,greet,2,1024×1024,15KB,v1.0,2026-08-11,v9.0 §4.1-4.8,public/visual-assets/pets\mint\pet-fantasy-greet-2-1024.png
pet-fantasy-greet-3-1024.png,digital/pet,mint,fantasy,greet,3,1024×1024,15KB,v1.0,2026-08-11,v9.0 §4.1-4.8,public/visual-assets/pets\mint\pet-fantasy-greet-3-1024.png
pet-fantasy-greet-4-1024.png,digital/pet,mint,fantasy,greet,4,1024×1024,15KB,v1.0,2026-08-11,v9.0 §4.1-4.8,public/visual-assets/pets\mint\pet-fantasy-greet-4-1024.png
pet-fantasy-idle-1-1024.png,digital/pet,mint,fantasy,idle,1,1024×1024,14KB,v1.0,2026-08-11,v9.0 §4.1-4.8,public/visual-assets/pets\mint\pet-fantasy-idle-1-1024.png
pet-fantasy-idle-2-1024.png,digital/pet,mint,fantasy,idle,2,1024×1024,14KB,v1.0,2026-08-11,v9.0 §4.1-4.8,public/visual-assets/pets\mint\pet-fantasy-idle-2-1024.png
pet-fantasy-miss-1-1024.png,digital/pet,mint,fantasy,miss,1,1024×1024,15KB,v1.0,2026-08-11,v9.0 §4.1-4.8,public/visual-assets/pets\mint\pet-fantasy-miss-1-1024.png
pet-fantasy-miss-2-1024.png,digital/pet,mint,fantasy,miss,2,1024×1024,15KB,v1.0,2026-08-11,v9.0 §4.1-4.8,public/visual-assets/pets\mint\pet-fantasy-miss-2-1024.png
pet-fantasy-sign-1-1024.png,digital/pet,mint,fantasy,sign,1,1024×1024,14KB,v1.0,2026-08-11,v9.0 §4.1-4.8,public/visual-assets/pets\mint\pet-fantasy-sign-1-1024.png
pet-fantasy-sign-2-1024.png,digital/pet,mint,fantasy,sign,2,1024×1024,14KB,v1.0,2026-08-11,v9.0 §4.1-4.8,public/visual-assets/pets\mint\pet-fantasy-sign-2-1024.png
pet-fantasy-sign-3-1024.png,digital/pet,mint,fantasy,sign,3,1024×1024,14KB,v1.0,2026-08-11,v9.0 §4.1-4.8,public/visual-assets/pets\mint\pet-fantasy-sign-3-1024.png
pet-fantasy-sleep-1-1024.png,digital/pet,mint,fantasy,sleep,1,1024×1024,13KB,v1.0,2026-08-11,v9.0 §4.1-4.8,public/visual-assets/pets\mint\pet-fantasy-sleep-1-1024.png
pet-fantasy-sleep-2-1024.png,digital/pet,mint,fantasy,sleep,2,1024×1024,13KB,v1.0,2026-08-11,v9.0 §4.1-4.8,public/visual-assets/pets\mint\pet-fantasy-sleep-2-1024.png
pet-fantasy-squeezed-1-1024.png,digital/pet,mint,fantasy,squeezed,1,1024×1024,13KB,v1.0,2026-08-11,v9.0 §4.1-4.8,public/visual-assets/pets\mint\pet-fantasy-squeezed-1-1024.png
pet-fantasy-squeezed-2-1024.png,digital/pet,mint,fantasy,squeezed,2,1024×1024,14KB,v1.0,2026-08-11,v9.0 §4.1-4.8,public/visual-assets/pets\mint\pet-fantasy-squeezed-2-1024.png
pet-fantasy-squeezed-3-1024.png,digital/pet,mint,fantasy,squeezed,3,1024×1024,14KB,v1.0,2026-08-11,v9.0 §4.1-4.8,public/visual-assets/pets\mint\pet-fantasy-squeezed-3-1024.png
pet-fantasy-success-1-1024.png,digital/pet,mint,fantasy,success,1,1024×1024,14KB,v1.0,2026-08-11,v9.0 §4.1-4.8,public/visual-assets/pets\mint\pet-fantasy-success-1-1024.png
pet-fantasy-success-2-1024.png,digital/pet,mint,fantasy,success,2,1024×1024,14KB,v1.0,2026-08-11,v9.0 §4.1-4.8,public/visual-assets/pets\mint\pet-fantasy-success-2-1024.png
pet-fantasy-talking-1-1024.png,digital/pet,mint,fantasy,talking,1,1024×1024,14KB,v1.0,2026-08-11,v9.0 §4.1-4.8,public/visual-assets/pets\mint\pet-fantasy-talking-1-1024.png
pet-fantasy-talking-2-1024.png,digital/pet,mint,fantasy,talking,2,1024×1024,14KB,v1.0,2026-08-11,v9.0 §4.1-4.8,public/visual-assets/pets\mint\pet-fantasy-talking-2-1024.png
pet-fantasy-talking-3-1024.png,digital/pet,mint,fantasy,talking,3,1024×1024,14KB,v1.0,2026-08-11,v9.0 §4.1-4.8,public/visual-assets/pets\mint\pet-fantasy-talking-3-1024.png
pet-fantasy-thinking-1-1024.png,digital/pet,mint,fantasy,thinking,1,1024×1024,15KB,v1.0,2026-08-11,v9.0 §4.1-4.8,public/visual-assets/pets\mint\pet-fantasy-thinking-1-1024.png
pet-fantasy-thinking-2-1024.png,digital/pet,mint,fantasy,thinking,2,1024×1024,15KB,v1.0,2026-08-11,v9.0 §4.1-4.8,public/visual-assets/pets\mint\pet-fantasy-thinking-2-1024.png
pet-cat-blink-1-1024.png,digital/pet,moonlight,cat,blink,1,1024×1024,13KB,v1.0,2026-08-11,v9.0 §4.1-4.8,public/visual-assets/pets\moonlight\pet-cat-blink-1-1024.png
pet-cat-blink-2-1024.png,digital/pet,moonlight,cat,blink,2,1024×1024,13KB,v1.0,2026-08-11,v9.0 §4.1-4.8,public/visual-assets/pets\moonlight\pet-cat-blink-2-1024.png
pet-cat-blink-3-1024.png,digital/pet,moonlight,cat,blink,3,1024×1024,13KB,v1.0,2026-08-11,v9.0 §4.1-4.8,public/visual-assets/pets\moonlight\pet-cat-blink-3-1024.png
pet-cat-greet-1-1024.png,digital/pet,moonlight,cat,greet,1,1024×1024,15KB,v1.0,2026-08-11,v9.0 §4.1-4.8,public/visual-assets/pets\moonlight\pet-cat-greet-1-1024.png
pet-cat-greet-2-1024.png,digital/pet,moonlight,cat,greet,2,1024×1024,15KB,v1.0,2026-08-11,v9.0 §4.1-4.8,public/visual-assets/pets\moonlight\pet-cat-greet-2-1024.png
pet-cat-greet-3-1024.png,digital/pet,moonlight,cat,greet,3,1024×1024,15KB,v1.0,2026-08-11,v9.0 §4.1-4.8,public/visual-assets/pets\moonlight\pet-cat-greet-3-1024.png
pet-cat-greet-4-1024.png,digital/pet,moonlight,cat,greet,4,1024×1024,15KB,v1.0,2026-08-11,v9.0 §4.1-4.8,public/visual-assets/pets\moonlight\pet-cat-greet-4-1024.png
pet-cat-idle-1-1024.png,digital/pet,moonlight,cat,idle,1,1024×1024,13KB,v1.0,2026-08-11,v9.0 §4.1-4.8,public/visual-assets/pets\moonlight\pet-cat-idle-1-1024.png
pet-cat-idle-2-1024.png,digital/pet,moonlight,cat,idle,2,1024×1024,13KB,v1.0,2026-08-11,v9.0 §4.1-4.8,public/visual-assets/pets\moonlight\pet-cat-idle-2-1024.png
pet-cat-miss-1-1024.png,digital/pet,moonlight,cat,miss,1,1024×1024,14KB,v1.0,2026-08-11,v9.0 §4.1-4.8,public/visual-assets/pets\moonlight\pet-cat-miss-1-1024.png
pet-cat-miss-2-1024.png,digital/pet,moonlight,cat,miss,2,1024×1024,14KB,v1.0,2026-08-11,v9.0 §4.1-4.8,public/visual-assets/pets\moonlight\pet-cat-miss-2-1024.png
pet-cat-sign-1-1024.png,digital/pet,moonlight,cat,sign,1,1024×1024,13KB,v1.0,2026-08-11,v9.0 §4.1-4.8,public/visual-assets/pets\moonlight\pet-cat-sign-1-1024.png
pet-cat-sign-2-1024.png,digital/pet,moonlight,cat,sign,2,1024×1024,13KB,v1.0,2026-08-11,v9.0 §4.1-4.8,public/visual-assets/pets\moonlight\pet-cat-sign-2-1024.png
pet-cat-sign-3-1024.png,digital/pet,moonlight,cat,sign,3,1024×1024,13KB,v1.0,2026-08-11,v9.0 §4.1-4.8,public/visual-assets/pets\moonlight\pet-cat-sign-3-1024.png
pet-cat-sleep-1-1024.png,digital/pet,moonlight,cat,sleep,1,1024×1024,13KB,v1.0,2026-08-11,v9.0 §4.1-4.8,public/visual-assets/pets\moonlight\pet-cat-sleep-1-1024.png
pet-cat-sleep-2-1024.png,digital/pet,moonlight,cat,sleep,2,1024×1024,13KB,v1.0,2026-08-11,v9.0 §4.1-4.8,public/visual-assets/pets\moonlight\pet-cat-sleep-2-1024.png
pet-cat-squeezed-1-1024.png,digital/pet,moonlight,cat,squeezed,1,1024×1024,12KB,v1.0,2026-08-11,v9.0 §4.1-4.8,public/visual-assets/pets\moonlight\pet-cat-squeezed-1-1024.png
pet-cat-squeezed-2-1024.png,digital/pet,moonlight,cat,squeezed,2,1024×1024,13KB,v1.0,2026-08-11,v9.0 §4.1-4.8,public/visual-assets/pets\moonlight\pet-cat-squeezed-2-1024.png
pet-cat-squeezed-3-1024.png,digital/pet,moonlight,cat,squeezed,3,1024×1024,13KB,v1.0,2026-08-11,v9.0 §4.1-4.8,public/visual-assets/pets\moonlight\pet-cat-squeezed-3-1024.png
pet-cat-success-1-1024.png,digital/pet,moonlight,cat,success,1,1024×1024,13KB,v1.0,2026-08-11,v9.0 §4.1-4.8,public/visual-assets/pets\moonlight\pet-cat-success-1-1024.png
pet-cat-success-2-1024.png,digital/pet,moonlight,cat,success,2,1024×1024,13KB,v1.0,2026-08-11,v9.0 §4.1-4.8,public/visual-assets/pets\moonlight\pet-cat-success-2-1024.png
pet-cat-talking-1-1024.png,digital/pet,moonlight,cat,talking,1,1024×1024,13KB,v1.0,2026-08-11,v9.0 §4.1-4.8,public/visual-assets/pets\moonlight\pet-cat-talking-1-1024.png
pet-cat-talking-2-1024.png,digital/pet,moonlight,cat,talking,2,1024×1024,13KB,v1.0,2026-08-11,v9.0 §4.1-4.8,public/visual-assets/pets\moonlight\pet-cat-talking-2-1024.png
pet-cat-talking-3-1024.png,digital/pet,moonlight,cat,talking,3,1024×1024,13KB,v1.0,2026-08-11,v9.0 §4.1-4.8,public/visual-assets/pets\moonlight\pet-cat-talking-3-1024.png
pet-cat-thinking-1-1024.png,digital/pet,moonlight,cat,thinking,1,1024×1024,15KB,v1.0,2026-08-11,v9.0 §4.1-4.8,public/visual-assets/pets\moonlight\pet-cat-thinking-1-1024.png
pet-cat-thinking-2-1024.png,digital/pet,moonlight,cat,thinking,2,1024×1024,14KB,v1.0,2026-08-11,v9.0 §4.1-4.8,public/visual-assets/pets\moonlight\pet-cat-thinking-2-1024.png
pet-dog-blink-1-1024.png,digital/pet,moonlight,dog,blink,1,1024×1024,13KB,v1.0,2026-08-11,v9.0 §4.1-4.8,public/visual-assets/pets\moonlight\pet-dog-blink-1-1024.png
pet-dog-blink-2-1024.png,digital/pet,moonlight,dog,blink,2,1024×1024,13KB,v1.0,2026-08-11,v9.0 §4.1-4.8,public/visual-assets/pets\moonlight\pet-dog-blink-2-1024.png
pet-dog-blink-3-1024.png,digital/pet,moonlight,dog,blink,3,1024×1024,13KB,v1.0,2026-08-11,v9.0 §4.1-4.8,public/visual-assets/pets\moonlight\pet-dog-blink-3-1024.png
pet-dog-greet-1-1024.png,digital/pet,moonlight,dog,greet,1,1024×1024,14KB,v1.0,2026-08-11,v9.0 §4.1-4.8,public/visual-assets/pets\moonlight\pet-dog-greet-1-1024.png
pet-dog-greet-2-1024.png,digital/pet,moonlight,dog,greet,2,1024×1024,14KB,v1.0,2026-08-11,v9.0 §4.1-4.8,public/visual-assets/pets\moonlight\pet-dog-greet-2-1024.png
pet-dog-greet-3-1024.png,digital/pet,moonlight,dog,greet,3,1024×1024,14KB,v1.0,2026-08-11,v9.0 §4.1-4.8,public/visual-assets/pets\moonlight\pet-dog-greet-3-1024.png
pet-dog-greet-4-1024.png,digital/pet,moonlight,dog,greet,4,1024×1024,14KB,v1.0,2026-08-11,v9.0 §4.1-4.8,public/visual-assets/pets\moonlight\pet-dog-greet-4-1024.png
pet-dog-idle-1-1024.png,digital/pet,moonlight,dog,idle,1,1024×1024,13KB,v1.0,2026-08-11,v9.0 §4.1-4.8,public/visual-assets/pets\moonlight\pet-dog-idle-1-1024.png
pet-dog-idle-2-1024.png,digital/pet,moonlight,dog,idle,2,1024×1024,13KB,v1.0,2026-08-11,v9.0 §4.1-4.8,public/visual-assets/pets\moonlight\pet-dog-idle-2-1024.png
pet-dog-miss-1-1024.png,digital/pet,moonlight,dog,miss,1,1024×1024,14KB,v1.0,2026-08-11,v9.0 §4.1-4.8,public/visual-assets/pets\moonlight\pet-dog-miss-1-1024.png
pet-dog-miss-2-1024.png,digital/pet,moonlight,dog,miss,2,1024×1024,14KB,v1.0,2026-08-11,v9.0 §4.1-4.8,public/visual-assets/pets\moonlight\pet-dog-miss-2-1024.png
pet-dog-sign-1-1024.png,digital/pet,moonlight,dog,sign,1,1024×1024,13KB,v1.0,2026-08-11,v9.0 §4.1-4.8,public/visual-assets/pets\moonlight\pet-dog-sign-1-1024.png
pet-dog-sign-2-1024.png,digital/pet,moonlight,dog,sign,2,1024×1024,13KB,v1.0,2026-08-11,v9.0 §4.1-4.8,public/visual-assets/pets\moonlight\pet-dog-sign-2-1024.png
pet-dog-sign-3-1024.png,digital/pet,moonlight,dog,sign,3,1024×1024,13KB,v1.0,2026-08-11,v9.0 §4.1-4.8,public/visual-assets/pets\moonlight\pet-dog-sign-3-1024.png
pet-dog-sleep-1-1024.png,digital/pet,moonlight,dog,sleep,1,1024×1024,13KB,v1.0,2026-08-11,v9.0 §4.1-4.8,public/visual-assets/pets\moonlight\pet-dog-sleep-1-1024.png
pet-dog-sleep-2-1024.png,digital/pet,moonlight,dog,sleep,2,1024×1024,13KB,v1.0,2026-08-11,v9.0 §4.1-4.8,public/visual-assets/pets\moonlight\pet-dog-sleep-2-1024.png
pet-dog-squeezed-1-1024.png,digital/pet,moonlight,dog,squeezed,1,1024×1024,12KB,v1.0,2026-08-11,v9.0 §4.1-4.8,public/visual-assets/pets\moonlight\pet-dog-squeezed-1-1024.png
pet-dog-squeezed-2-1024.png,digital/pet,moonlight,dog,squeezed,2,1024×1024,13KB,v1.0,2026-08-11,v9.0 §4.1-4.8,public/visual-assets/pets\moonlight\pet-dog-squeezed-2-1024.png
pet-dog-squeezed-3-1024.png,digital/pet,moonlight,dog,squeezed,3,1024×1024,13KB,v1.0,2026-08-11,v9.0 §4.1-4.8,public/visual-assets/pets\moonlight\pet-dog-squeezed-3-1024.png
pet-dog-success-1-1024.png,digital/pet,moonlight,dog,success,1,1024×1024,13KB,v1.0,2026-08-11,v9.0 §4.1-4.8,public/visual-assets/pets\moonlight\pet-dog-success-1-1024.png
pet-dog-success-2-1024.png,digital/pet,moonlight,dog,success,2,1024×1024,13KB,v1.0,2026-08-11,v9.0 §4.1-4.8,public/visual-assets/pets\moonlight\pet-dog-success-2-1024.png
pet-dog-talking-1-1024.png,digital/pet,moonlight,dog,talking,1,1024×1024,13KB,v1.0,2026-08-11,v9.0 §4.1-4.8,public/visual-assets/pets\moonlight\pet-dog-talking-1-1024.png
pet-dog-talking-2-1024.png,digital/pet,moonlight,dog,talking,2,1024×1024,13KB,v1.0,2026-08-11,v9.0 §4.1-4.8,public/visual-assets/pets\moonlight\pet-dog-talking-2-1024.png
pet-dog-talking-3-1024.png,digital/pet,moonlight,dog,talking,3,1024×1024,13KB,v1.0,2026-08-11,v9.0 §4.1-4.8,public/visual-assets/pets\moonlight\pet-dog-talking-3-1024.png
pet-dog-thinking-1-1024.png,digital/pet,moonlight,dog,thinking,1,1024×1024,14KB,v1.0,2026-08-11,v9.0 §4.1-4.8,public/visual-assets/pets\moonlight\pet-dog-thinking-1-1024.png
pet-dog-thinking-2-1024.png,digital/pet,moonlight,dog,thinking,2,1024×1024,14KB,v1.0,2026-08-11,v9.0 §4.1-4.8,public/visual-assets/pets\moonlight\pet-dog-thinking-2-1024.png
pet-fantasy-blink-1-1024.png,digital/pet,moonlight,fantasy,blink,1,1024×1024,12KB,v1.0,2026-08-11,v9.0 §4.1-4.8,public/visual-assets/pets\moonlight\pet-fantasy-blink-1-1024.png
pet-fantasy-blink-2-1024.png,digital/pet,moonlight,fantasy,blink,2,1024×1024,12KB,v1.0,2026-08-11,v9.0 §4.1-4.8,public/visual-assets/pets\moonlight\pet-fantasy-blink-2-1024.png
pet-fantasy-blink-3-1024.png,digital/pet,moonlight,fantasy,blink,3,1024×1024,12KB,v1.0,2026-08-11,v9.0 §4.1-4.8,public/visual-assets/pets\moonlight\pet-fantasy-blink-3-1024.png
pet-fantasy-greet-1-1024.png,digital/pet,moonlight,fantasy,greet,1,1024×1024,14KB,v1.0,2026-08-11,v9.0 §4.1-4.8,public/visual-assets/pets\moonlight\pet-fantasy-greet-1-1024.png
pet-fantasy-greet-2-1024.png,digital/pet,moonlight,fantasy,greet,2,1024×1024,14KB,v1.0,2026-08-11,v9.0 §4.1-4.8,public/visual-assets/pets\moonlight\pet-fantasy-greet-2-1024.png
pet-fantasy-greet-3-1024.png,digital/pet,moonlight,fantasy,greet,3,1024×1024,14KB,v1.0,2026-08-11,v9.0 §4.1-4.8,public/visual-assets/pets\moonlight\pet-fantasy-greet-3-1024.png
pet-fantasy-greet-4-1024.png,digital/pet,moonlight,fantasy,greet,4,1024×1024,14KB,v1.0,2026-08-11,v9.0 §4.1-4.8,public/visual-assets/pets\moonlight\pet-fantasy-greet-4-1024.png
pet-fantasy-idle-1-1024.png,digital/pet,moonlight,fantasy,idle,1,1024×1024,12KB,v1.0,2026-08-11,v9.0 §4.1-4.8,public/visual-assets/pets\moonlight\pet-fantasy-idle-1-1024.png
pet-fantasy-idle-2-1024.png,digital/pet,moonlight,fantasy,idle,2,1024×1024,12KB,v1.0,2026-08-11,v9.0 §4.1-4.8,public/visual-assets/pets\moonlight\pet-fantasy-idle-2-1024.png
pet-fantasy-miss-1-1024.png,digital/pet,moonlight,fantasy,miss,1,1024×1024,13KB,v1.0,2026-08-11,v9.0 §4.1-4.8,public/visual-assets/pets\moonlight\pet-fantasy-miss-1-1024.png
pet-fantasy-miss-2-1024.png,digital/pet,moonlight,fantasy,miss,2,1024×1024,13KB,v1.0,2026-08-11,v9.0 §4.1-4.8,public/visual-assets/pets\moonlight\pet-fantasy-miss-2-1024.png
pet-fantasy-sign-1-1024.png,digital/pet,moonlight,fantasy,sign,1,1024×1024,13KB,v1.0,2026-08-11,v9.0 §4.1-4.8,public/visual-assets/pets\moonlight\pet-fantasy-sign-1-1024.png
pet-fantasy-sign-2-1024.png,digital/pet,moonlight,fantasy,sign,2,1024×1024,13KB,v1.0,2026-08-11,v9.0 §4.1-4.8,public/visual-assets/pets\moonlight\pet-fantasy-sign-2-1024.png
pet-fantasy-sign-3-1024.png,digital/pet,moonlight,fantasy,sign,3,1024×1024,13KB,v1.0,2026-08-11,v9.0 §4.1-4.8,public/visual-assets/pets\moonlight\pet-fantasy-sign-3-1024.png
pet-fantasy-sleep-1-1024.png,digital/pet,moonlight,fantasy,sleep,1,1024×1024,12KB,v1.0,2026-08-11,v9.0 §4.1-4.8,public/visual-assets/pets\moonlight\pet-fantasy-sleep-1-1024.png
pet-fantasy-sleep-2-1024.png,digital/pet,moonlight,fantasy,sleep,2,1024×1024,12KB,v1.0,2026-08-11,v9.0 §4.1-4.8,public/visual-assets/pets\moonlight\pet-fantasy-sleep-2-1024.png
pet-fantasy-squeezed-1-1024.png,digital/pet,moonlight,fantasy,squeezed,1,1024×1024,12KB,v1.0,2026-08-11,v9.0 §4.1-4.8,public/visual-assets/pets\moonlight\pet-fantasy-squeezed-1-1024.png
pet-fantasy-squeezed-2-1024.png,digital/pet,moonlight,fantasy,squeezed,2,1024×1024,12KB,v1.0,2026-08-11,v9.0 §4.1-4.8,public/visual-assets/pets\moonlight\pet-fantasy-squeezed-2-1024.png
pet-fantasy-squeezed-3-1024.png,digital/pet,moonlight,fantasy,squeezed,3,1024×1024,12KB,v1.0,2026-08-11,v9.0 §4.1-4.8,public/visual-assets/pets\moonlight\pet-fantasy-squeezed-3-1024.png
pet-fantasy-success-1-1024.png,digital/pet,moonlight,fantasy,success,1,1024×1024,12KB,v1.0,2026-08-11,v9.0 §4.1-4.8,public/visual-assets/pets\moonlight\pet-fantasy-success-1-1024.png
pet-fantasy-success-2-1024.png,digital/pet,moonlight,fantasy,success,2,1024×1024,13KB,v1.0,2026-08-11,v9.0 §4.1-4.8,public/visual-assets/pets\moonlight\pet-fantasy-success-2-1024.png
pet-fantasy-talking-1-1024.png,digital/pet,moonlight,fantasy,talking,1,1024×1024,12KB,v1.0,2026-08-11,v9.0 §4.1-4.8,public/visual-assets/pets\moonlight\pet-fantasy-talking-1-1024.png
pet-fantasy-talking-2-1024.png,digital/pet,moonlight,fantasy,talking,2,1024×1024,12KB,v1.0,2026-08-11,v9.0 §4.1-4.8,public/visual-assets/pets\moonlight\pet-fantasy-talking-2-1024.png
pet-fantasy-talking-3-1024.png,digital/pet,moonlight,fantasy,talking,3,1024×1024,12KB,v1.0,2026-08-11,v9.0 §4.1-4.8,public/visual-assets/pets\moonlight\pet-fantasy-talking-3-1024.png
pet-fantasy-thinking-1-1024.png,digital/pet,moonlight,fantasy,thinking,1,1024×1024,14KB,v1.0,2026-08-11,v9.0 §4.1-4.8,public/visual-assets/pets\moonlight\pet-fantasy-thinking-1-1024.png
pet-fantasy-thinking-2-1024.png,digital/pet,moonlight,fantasy,thinking,2,1024×1024,14KB,v1.0,2026-08-11,v9.0 §4.1-4.8,public/visual-assets/pets\moonlight\pet-fantasy-thinking-2-1024.png
pet-cat-blink-1-1024.png,digital/pet,sakura,cat,blink,1,1024×1024,13KB,v1.0,2026-08-11,v9.0 §4.1-4.8,public/visual-assets/pets\sakura\pet-cat-blink-1-1024.png
pet-cat-blink-2-1024.png,digital/pet,sakura,cat,blink,2,1024×1024,13KB,v1.0,2026-08-11,v9.0 §4.1-4.8,public/visual-assets/pets\sakura\pet-cat-blink-2-1024.png
pet-cat-blink-3-1024.png,digital/pet,sakura,cat,blink,3,1024×1024,13KB,v1.0,2026-08-11,v9.0 §4.1-4.8,public/visual-assets/pets\sakura\pet-cat-blink-3-1024.png
pet-cat-greet-1-1024.png,digital/pet,sakura,cat,greet,1,1024×1024,15KB,v1.0,2026-08-11,v9.0 §4.1-4.8,public/visual-assets/pets\sakura\pet-cat-greet-1-1024.png
pet-cat-greet-2-1024.png,digital/pet,sakura,cat,greet,2,1024×1024,15KB,v1.0,2026-08-11,v9.0 §4.1-4.8,public/visual-assets/pets\sakura\pet-cat-greet-2-1024.png
pet-cat-greet-3-1024.png,digital/pet,sakura,cat,greet,3,1024×1024,15KB,v1.0,2026-08-11,v9.0 §4.1-4.8,public/visual-assets/pets\sakura\pet-cat-greet-3-1024.png
pet-cat-greet-4-1024.png,digital/pet,sakura,cat,greet,4,1024×1024,15KB,v1.0,2026-08-11,v9.0 §4.1-4.8,public/visual-assets/pets\sakura\pet-cat-greet-4-1024.png
pet-cat-idle-1-1024.png,digital/pet,sakura,cat,idle,1,1024×1024,13KB,v1.0,2026-08-11,v9.0 §4.1-4.8,public/visual-assets/pets\sakura\pet-cat-idle-1-1024.png
pet-cat-idle-2-1024.png,digital/pet,sakura,cat,idle,2,1024×1024,13KB,v1.0,2026-08-11,v9.0 §4.1-4.8,public/visual-assets/pets\sakura\pet-cat-idle-2-1024.png
pet-cat-miss-1-1024.png,digital/pet,sakura,cat,miss,1,1024×1024,14KB,v1.0,2026-08-11,v9.0 §4.1-4.8,public/visual-assets/pets\sakura\pet-cat-miss-1-1024.png
pet-cat-miss-2-1024.png,digital/pet,sakura,cat,miss,2,1024×1024,14KB,v1.0,2026-08-11,v9.0 §4.1-4.8,public/visual-assets/pets\sakura\pet-cat-miss-2-1024.png
pet-cat-sign-1-1024.png,digital/pet,sakura,cat,sign,1,1024×1024,13KB,v1.0,2026-08-11,v9.0 §4.1-4.8,public/visual-assets/pets\sakura\pet-cat-sign-1-1024.png
pet-cat-sign-2-1024.png,digital/pet,sakura,cat,sign,2,1024×1024,13KB,v1.0,2026-08-11,v9.0 §4.1-4.8,public/visual-assets/pets\sakura\pet-cat-sign-2-1024.png
pet-cat-sign-3-1024.png,digital/pet,sakura,cat,sign,3,1024×1024,13KB,v1.0,2026-08-11,v9.0 §4.1-4.8,public/visual-assets/pets\sakura\pet-cat-sign-3-1024.png
pet-cat-sleep-1-1024.png,digital/pet,sakura,cat,sleep,1,1024×1024,13KB,v1.0,2026-08-11,v9.0 §4.1-4.8,public/visual-assets/pets\sakura\pet-cat-sleep-1-1024.png
pet-cat-sleep-2-1024.png,digital/pet,sakura,cat,sleep,2,1024×1024,13KB,v1.0,2026-08-11,v9.0 §4.1-4.8,public/visual-assets/pets\sakura\pet-cat-sleep-2-1024.png
pet-cat-squeezed-1-1024.png,digital/pet,sakura,cat,squeezed,1,1024×1024,12KB,v1.0,2026-08-11,v9.0 §4.1-4.8,public/visual-assets/pets\sakura\pet-cat-squeezed-1-1024.png
pet-cat-squeezed-2-1024.png,digital/pet,sakura,cat,squeezed,2,1024×1024,13KB,v1.0,2026-08-11,v9.0 §4.1-4.8,public/visual-assets/pets\sakura\pet-cat-squeezed-2-1024.png
pet-cat-squeezed-3-1024.png,digital/pet,sakura,cat,squeezed,3,1024×1024,13KB,v1.0,2026-08-11,v9.0 §4.1-4.8,public/visual-assets/pets\sakura\pet-cat-squeezed-3-1024.png
pet-cat-success-1-1024.png,digital/pet,sakura,cat,success,1,1024×1024,13KB,v1.0,2026-08-11,v9.0 §4.1-4.8,public/visual-assets/pets\sakura\pet-cat-success-1-1024.png
pet-cat-success-2-1024.png,digital/pet,sakura,cat,success,2,1024×1024,13KB,v1.0,2026-08-11,v9.0 §4.1-4.8,public/visual-assets/pets\sakura\pet-cat-success-2-1024.png
pet-cat-talking-1-1024.png,digital/pet,sakura,cat,talking,1,1024×1024,13KB,v1.0,2026-08-11,v9.0 §4.1-4.8,public/visual-assets/pets\sakura\pet-cat-talking-1-1024.png
pet-cat-talking-2-1024.png,digital/pet,sakura,cat,talking,2,1024×1024,13KB,v1.0,2026-08-11,v9.0 §4.1-4.8,public/visual-assets/pets\sakura\pet-cat-talking-2-1024.png
pet-cat-talking-3-1024.png,digital/pet,sakura,cat,talking,3,1024×1024,13KB,v1.0,2026-08-11,v9.0 §4.1-4.8,public/visual-assets/pets\sakura\pet-cat-talking-3-1024.png
pet-cat-thinking-1-1024.png,digital/pet,sakura,cat,thinking,1,1024×1024,15KB,v1.0,2026-08-11,v9.0 §4.1-4.8,public/visual-assets/pets\sakura\pet-cat-thinking-1-1024.png
pet-cat-thinking-2-1024.png,digital/pet,sakura,cat,thinking,2,1024×1024,14KB,v1.0,2026-08-11,v9.0 §4.1-4.8,public/visual-assets/pets\sakura\pet-cat-thinking-2-1024.png
pet-dog-blink-1-1024.png,digital/pet,sakura,dog,blink,1,1024×1024,13KB,v1.0,2026-08-11,v9.0 §4.1-4.8,public/visual-assets/pets\sakura\pet-dog-blink-1-1024.png
pet-dog-blink-2-1024.png,digital/pet,sakura,dog,blink,2,1024×1024,13KB,v1.0,2026-08-11,v9.0 §4.1-4.8,public/visual-assets/pets\sakura\pet-dog-blink-2-1024.png
pet-dog-blink-3-1024.png,digital/pet,sakura,dog,blink,3,1024×1024,13KB,v1.0,2026-08-11,v9.0 §4.1-4.8,public/visual-assets/pets\sakura\pet-dog-blink-3-1024.png
pet-dog-greet-1-1024.png,digital/pet,sakura,dog,greet,1,1024×1024,14KB,v1.0,2026-08-11,v9.0 §4.1-4.8,public/visual-assets/pets\sakura\pet-dog-greet-1-1024.png
pet-dog-greet-2-1024.png,digital/pet,sakura,dog,greet,2,1024×1024,14KB,v1.0,2026-08-11,v9.0 §4.1-4.8,public/visual-assets/pets\sakura\pet-dog-greet-2-1024.png
pet-dog-greet-3-1024.png,digital/pet,sakura,dog,greet,3,1024×1024,14KB,v1.0,2026-08-11,v9.0 §4.1-4.8,public/visual-assets/pets\sakura\pet-dog-greet-3-1024.png
pet-dog-greet-4-1024.png,digital/pet,sakura,dog,greet,4,1024×1024,14KB,v1.0,2026-08-11,v9.0 §4.1-4.8,public/visual-assets/pets\sakura\pet-dog-greet-4-1024.png
pet-dog-idle-1-1024.png,digital/pet,sakura,dog,idle,1,1024×1024,13KB,v1.0,2026-08-11,v9.0 §4.1-4.8,public/visual-assets/pets\sakura\pet-dog-idle-1-1024.png
pet-dog-idle-2-1024.png,digital/pet,sakura,dog,idle,2,1024×1024,13KB,v1.0,2026-08-11,v9.0 §4.1-4.8,public/visual-assets/pets\sakura\pet-dog-idle-2-1024.png
pet-dog-miss-1-1024.png,digital/pet,sakura,dog,miss,1,1024×1024,14KB,v1.0,2026-08-11,v9.0 §4.1-4.8,public/visual-assets/pets\sakura\pet-dog-miss-1-1024.png
pet-dog-miss-2-1024.png,digital/pet,sakura,dog,miss,2,1024×1024,14KB,v1.0,2026-08-11,v9.0 §4.1-4.8,public/visual-assets/pets\sakura\pet-dog-miss-2-1024.png
pet-dog-sign-1-1024.png,digital/pet,sakura,dog,sign,1,1024×1024,13KB,v1.0,2026-08-11,v9.0 §4.1-4.8,public/visual-assets/pets\sakura\pet-dog-sign-1-1024.png
pet-dog-sign-2-1024.png,digital/pet,sakura,dog,sign,2,1024×1024,13KB,v1.0,2026-08-11,v9.0 §4.1-4.8,public/visual-assets/pets\sakura\pet-dog-sign-2-1024.png
pet-dog-sign-3-1024.png,digital/pet,sakura,dog,sign,3,1024×1024,13KB,v1.0,2026-08-11,v9.0 §4.1-4.8,public/visual-assets/pets\sakura\pet-dog-sign-3-1024.png
pet-dog-sleep-1-1024.png,digital/pet,sakura,dog,sleep,1,1024×1024,13KB,v1.0,2026-08-11,v9.0 §4.1-4.8,public/visual-assets/pets\sakura\pet-dog-sleep-1-1024.png
pet-dog-sleep-2-1024.png,digital/pet,sakura,dog,sleep,2,1024×1024,13KB,v1.0,2026-08-11,v9.0 §4.1-4.8,public/visual-assets/pets\sakura\pet-dog-sleep-2-1024.png
pet-dog-squeezed-1-1024.png,digital/pet,sakura,dog,squeezed,1,1024×1024,12KB,v1.0,2026-08-11,v9.0 §4.1-4.8,public/visual-assets/pets\sakura\pet-dog-squeezed-1-1024.png
pet-dog-squeezed-2-1024.png,digital/pet,sakura,dog,squeezed,2,1024×1024,13KB,v1.0,2026-08-11,v9.0 §4.1-4.8,public/visual-assets/pets\sakura\pet-dog-squeezed-2-1024.png
pet-dog-squeezed-3-1024.png,digital/pet,sakura,dog,squeezed,3,1024×1024,13KB,v1.0,2026-08-11,v9.0 §4.1-4.8,public/visual-assets/pets\sakura\pet-dog-squeezed-3-1024.png
pet-dog-success-1-1024.png,digital/pet,sakura,dog,success,1,1024×1024,13KB,v1.0,2026-08-11,v9.0 §4.1-4.8,public/visual-assets/pets\sakura\pet-dog-success-1-1024.png
pet-dog-success-2-1024.png,digital/pet,sakura,dog,success,2,1024×1024,13KB,v1.0,2026-08-11,v9.0 §4.1-4.8,public/visual-assets/pets\sakura\pet-dog-success-2-1024.png
pet-dog-talking-1-1024.png,digital/pet,sakura,dog,talking,1,1024×1024,13KB,v1.0,2026-08-11,v9.0 §4.1-4.8,public/visual-assets/pets\sakura\pet-dog-talking-1-1024.png
pet-dog-talking-2-1024.png,digital/pet,sakura,dog,talking,2,1024×1024,13KB,v1.0,2026-08-11,v9.0 §4.1-4.8,public/visual-assets/pets\sakura\pet-dog-talking-2-1024.png
pet-dog-talking-3-1024.png,digital/pet,sakura,dog,talking,3,1024×1024,13KB,v1.0,2026-08-11,v9.0 §4.1-4.8,public/visual-assets/pets\sakura\pet-dog-talking-3-1024.png
pet-dog-thinking-1-1024.png,digital/pet,sakura,dog,thinking,1,1024×1024,14KB,v1.0,2026-08-11,v9.0 §4.1-4.8,public/visual-assets/pets\sakura\pet-dog-thinking-1-1024.png
pet-dog-thinking-2-1024.png,digital/pet,sakura,dog,thinking,2,1024×1024,14KB,v1.0,2026-08-11,v9.0 §4.1-4.8,public/visual-assets/pets\sakura\pet-dog-thinking-2-1024.png
pet-fantasy-blink-1-1024.png,digital/pet,sakura,fantasy,blink,1,1024×1024,13KB,v1.0,2026-08-11,v9.0 §4.1-4.8,public/visual-assets/pets\sakura\pet-fantasy-blink-1-1024.png
pet-fantasy-blink-2-1024.png,digital/pet,sakura,fantasy,blink,2,1024×1024,13KB,v1.0,2026-08-11,v9.0 §4.1-4.8,public/visual-assets/pets\sakura\pet-fantasy-blink-2-1024.png
pet-fantasy-blink-3-1024.png,digital/pet,sakura,fantasy,blink,3,1024×1024,13KB,v1.0,2026-08-11,v9.0 §4.1-4.8,public/visual-assets/pets\sakura\pet-fantasy-blink-3-1024.png
pet-fantasy-greet-1-1024.png,digital/pet,sakura,fantasy,greet,1,1024×1024,15KB,v1.0,2026-08-11,v9.0 §4.1-4.8,public/visual-assets/pets\sakura\pet-fantasy-greet-1-1024.png
pet-fantasy-greet-2-1024.png,digital/pet,sakura,fantasy,greet,2,1024×1024,15KB,v1.0,2026-08-11,v9.0 §4.1-4.8,public/visual-assets/pets\sakura\pet-fantasy-greet-2-1024.png
pet-fantasy-greet-3-1024.png,digital/pet,sakura,fantasy,greet,3,1024×1024,15KB,v1.0,2026-08-11,v9.0 §4.1-4.8,public/visual-assets/pets\sakura\pet-fantasy-greet-3-1024.png
pet-fantasy-greet-4-1024.png,digital/pet,sakura,fantasy,greet,4,1024×1024,15KB,v1.0,2026-08-11,v9.0 §4.1-4.8,public/visual-assets/pets\sakura\pet-fantasy-greet-4-1024.png
pet-fantasy-idle-1-1024.png,digital/pet,sakura,fantasy,idle,1,1024×1024,13KB,v1.0,2026-08-11,v9.0 §4.1-4.8,public/visual-assets/pets\sakura\pet-fantasy-idle-1-1024.png
pet-fantasy-idle-2-1024.png,digital/pet,sakura,fantasy,idle,2,1024×1024,13KB,v1.0,2026-08-11,v9.0 §4.1-4.8,public/visual-assets/pets\sakura\pet-fantasy-idle-2-1024.png
pet-fantasy-miss-1-1024.png,digital/pet,sakura,fantasy,miss,1,1024×1024,15KB,v1.0,2026-08-11,v9.0 §4.1-4.8,public/visual-assets/pets\sakura\pet-fantasy-miss-1-1024.png
pet-fantasy-miss-2-1024.png,digital/pet,sakura,fantasy,miss,2,1024×1024,15KB,v1.0,2026-08-11,v9.0 §4.1-4.8,public/visual-assets/pets\sakura\pet-fantasy-miss-2-1024.png
pet-fantasy-sign-1-1024.png,digital/pet,sakura,fantasy,sign,1,1024×1024,14KB,v1.0,2026-08-11,v9.0 §4.1-4.8,public/visual-assets/pets\sakura\pet-fantasy-sign-1-1024.png
pet-fantasy-sign-2-1024.png,digital/pet,sakura,fantasy,sign,2,1024×1024,14KB,v1.0,2026-08-11,v9.0 §4.1-4.8,public/visual-assets/pets\sakura\pet-fantasy-sign-2-1024.png
pet-fantasy-sign-3-1024.png,digital/pet,sakura,fantasy,sign,3,1024×1024,14KB,v1.0,2026-08-11,v9.0 §4.1-4.8,public/visual-assets/pets\sakura\pet-fantasy-sign-3-1024.png
pet-fantasy-sleep-1-1024.png,digital/pet,sakura,fantasy,sleep,1,1024×1024,13KB,v1.0,2026-08-11,v9.0 §4.1-4.8,public/visual-assets/pets\sakura\pet-fantasy-sleep-1-1024.png
pet-fantasy-sleep-2-1024.png,digital/pet,sakura,fantasy,sleep,2,1024×1024,13KB,v1.0,2026-08-11,v9.0 §4.1-4.8,public/visual-assets/pets\sakura\pet-fantasy-sleep-2-1024.png
pet-fantasy-squeezed-1-1024.png,digital/pet,sakura,fantasy,squeezed,1,1024×1024,13KB,v1.0,2026-08-11,v9.0 §4.1-4.8,public/visual-assets/pets\sakura\pet-fantasy-squeezed-1-1024.png
pet-fantasy-squeezed-2-1024.png,digital/pet,sakura,fantasy,squeezed,2,1024×1024,13KB,v1.0,2026-08-11,v9.0 §4.1-4.8,public/visual-assets/pets\sakura\pet-fantasy-squeezed-2-1024.png
pet-fantasy-squeezed-3-1024.png,digital/pet,sakura,fantasy,squeezed,3,1024×1024,13KB,v1.0,2026-08-11,v9.0 §4.1-4.8,public/visual-assets/pets\sakura\pet-fantasy-squeezed-3-1024.png
pet-fantasy-success-1-1024.png,digital/pet,sakura,fantasy,success,1,1024×1024,13KB,v1.0,2026-08-11,v9.0 §4.1-4.8,public/visual-assets/pets\sakura\pet-fantasy-success-1-1024.png
pet-fantasy-success-2-1024.png,digital/pet,sakura,fantasy,success,2,1024×1024,14KB,v1.0,2026-08-11,v9.0 §4.1-4.8,public/visual-assets/pets\sakura\pet-fantasy-success-2-1024.png
pet-fantasy-talking-1-1024.png,digital/pet,sakura,fantasy,talking,1,1024×1024,13KB,v1.0,2026-08-11,v9.0 §4.1-4.8,public/visual-assets/pets\sakura\pet-fantasy-talking-1-1024.png
pet-fantasy-talking-2-1024.png,digital/pet,sakura,fantasy,talking,2,1024×1024,13KB,v1.0,2026-08-11,v9.0 §4.1-4.8,public/visual-assets/pets\sakura\pet-fantasy-talking-2-1024.png
pet-fantasy-talking-3-1024.png,digital/pet,sakura,fantasy,talking,3,1024×1024,13KB,v1.0,2026-08-11,v9.0 §4.1-4.8,public/visual-assets/pets\sakura\pet-fantasy-talking-3-1024.png
pet-fantasy-thinking-1-1024.png,digital/pet,sakura,fantasy,thinking,1,1024×1024,15KB,v1.0,2026-08-11,v9.0 §4.1-4.8,public/visual-assets/pets\sakura\pet-fantasy-thinking-1-1024.png
pet-fantasy-thinking-2-1024.png,digital/pet,sakura,fantasy,thinking,2,1024×1024,14KB,v1.0,2026-08-11,v9.0 §4.1-4.8,public/visual-assets/pets\sakura\pet-fantasy-thinking-2-1024.png
pet-cat-blink-1-1024.png,digital/pet,warmorange,cat,blink,1,1024×1024,13KB,v1.0,2026-08-11,v9.0 §4.1-4.8,public/visual-assets/pets\warmorange\pet-cat-blink-1-1024.png
pet-cat-blink-2-1024.png,digital/pet,warmorange,cat,blink,2,1024×1024,13KB,v1.0,2026-08-11,v9.0 §4.1-4.8,public/visual-assets/pets\warmorange\pet-cat-blink-2-1024.png
pet-cat-blink-3-1024.png,digital/pet,warmorange,cat,blink,3,1024×1024,13KB,v1.0,2026-08-11,v9.0 §4.1-4.8,public/visual-assets/pets\warmorange\pet-cat-blink-3-1024.png
pet-cat-greet-1-1024.png,digital/pet,warmorange,cat,greet,1,1024×1024,15KB,v1.0,2026-08-11,v9.0 §4.1-4.8,public/visual-assets/pets\warmorange\pet-cat-greet-1-1024.png
pet-cat-greet-2-1024.png,digital/pet,warmorange,cat,greet,2,1024×1024,15KB,v1.0,2026-08-11,v9.0 §4.1-4.8,public/visual-assets/pets\warmorange\pet-cat-greet-2-1024.png
pet-cat-greet-3-1024.png,digital/pet,warmorange,cat,greet,3,1024×1024,15KB,v1.0,2026-08-11,v9.0 §4.1-4.8,public/visual-assets/pets\warmorange\pet-cat-greet-3-1024.png
pet-cat-greet-4-1024.png,digital/pet,warmorange,cat,greet,4,1024×1024,15KB,v1.0,2026-08-11,v9.0 §4.1-4.8,public/visual-assets/pets\warmorange\pet-cat-greet-4-1024.png
pet-cat-idle-1-1024.png,digital/pet,warmorange,cat,idle,1,1024×1024,13KB,v1.0,2026-08-11,v9.0 §4.1-4.8,public/visual-assets/pets\warmorange\pet-cat-idle-1-1024.png
pet-cat-idle-2-1024.png,digital/pet,warmorange,cat,idle,2,1024×1024,13KB,v1.0,2026-08-11,v9.0 §4.1-4.8,public/visual-assets/pets\warmorange\pet-cat-idle-2-1024.png
pet-cat-miss-1-1024.png,digital/pet,warmorange,cat,miss,1,1024×1024,14KB,v1.0,2026-08-11,v9.0 §4.1-4.8,public/visual-assets/pets\warmorange\pet-cat-miss-1-1024.png
pet-cat-miss-2-1024.png,digital/pet,warmorange,cat,miss,2,1024×1024,14KB,v1.0,2026-08-11,v9.0 §4.1-4.8,public/visual-assets/pets\warmorange\pet-cat-miss-2-1024.png
pet-cat-sign-1-1024.png,digital/pet,warmorange,cat,sign,1,1024×1024,13KB,v1.0,2026-08-11,v9.0 §4.1-4.8,public/visual-assets/pets\warmorange\pet-cat-sign-1-1024.png
pet-cat-sign-2-1024.png,digital/pet,warmorange,cat,sign,2,1024×1024,13KB,v1.0,2026-08-11,v9.0 §4.1-4.8,public/visual-assets/pets\warmorange\pet-cat-sign-2-1024.png
pet-cat-sign-3-1024.png,digital/pet,warmorange,cat,sign,3,1024×1024,13KB,v1.0,2026-08-11,v9.0 §4.1-4.8,public/visual-assets/pets\warmorange\pet-cat-sign-3-1024.png
pet-cat-sleep-1-1024.png,digital/pet,warmorange,cat,sleep,1,1024×1024,13KB,v1.0,2026-08-11,v9.0 §4.1-4.8,public/visual-assets/pets\warmorange\pet-cat-sleep-1-1024.png
pet-cat-sleep-2-1024.png,digital/pet,warmorange,cat,sleep,2,1024×1024,13KB,v1.0,2026-08-11,v9.0 §4.1-4.8,public/visual-assets/pets\warmorange\pet-cat-sleep-2-1024.png
pet-cat-squeezed-1-1024.png,digital/pet,warmorange,cat,squeezed,1,1024×1024,12KB,v1.0,2026-08-11,v9.0 §4.1-4.8,public/visual-assets/pets\warmorange\pet-cat-squeezed-1-1024.png
pet-cat-squeezed-2-1024.png,digital/pet,warmorange,cat,squeezed,2,1024×1024,13KB,v1.0,2026-08-11,v9.0 §4.1-4.8,public/visual-assets/pets\warmorange\pet-cat-squeezed-2-1024.png
pet-cat-squeezed-3-1024.png,digital/pet,warmorange,cat,squeezed,3,1024×1024,13KB,v1.0,2026-08-11,v9.0 §4.1-4.8,public/visual-assets/pets\warmorange\pet-cat-squeezed-3-1024.png
pet-cat-success-1-1024.png,digital/pet,warmorange,cat,success,1,1024×1024,13KB,v1.0,2026-08-11,v9.0 §4.1-4.8,public/visual-assets/pets\warmorange\pet-cat-success-1-1024.png
pet-cat-success-2-1024.png,digital/pet,warmorange,cat,success,2,1024×1024,13KB,v1.0,2026-08-11,v9.0 §4.1-4.8,public/visual-assets/pets\warmorange\pet-cat-success-2-1024.png
pet-cat-talking-1-1024.png,digital/pet,warmorange,cat,talking,1,1024×1024,13KB,v1.0,2026-08-11,v9.0 §4.1-4.8,public/visual-assets/pets\warmorange\pet-cat-talking-1-1024.png
pet-cat-talking-2-1024.png,digital/pet,warmorange,cat,talking,2,1024×1024,13KB,v1.0,2026-08-11,v9.0 §4.1-4.8,public/visual-assets/pets\warmorange\pet-cat-talking-2-1024.png
pet-cat-talking-3-1024.png,digital/pet,warmorange,cat,talking,3,1024×1024,13KB,v1.0,2026-08-11,v9.0 §4.1-4.8,public/visual-assets/pets\warmorange\pet-cat-talking-3-1024.png
pet-cat-thinking-1-1024.png,digital/pet,warmorange,cat,thinking,1,1024×1024,15KB,v1.0,2026-08-11,v9.0 §4.1-4.8,public/visual-assets/pets\warmorange\pet-cat-thinking-1-1024.png
pet-cat-thinking-2-1024.png,digital/pet,warmorange,cat,thinking,2,1024×1024,14KB,v1.0,2026-08-11,v9.0 §4.1-4.8,public/visual-assets/pets\warmorange\pet-cat-thinking-2-1024.png
pet-dog-blink-1-1024.png,digital/pet,warmorange,dog,blink,1,1024×1024,13KB,v1.0,2026-08-11,v9.0 §4.1-4.8,public/visual-assets/pets\warmorange\pet-dog-blink-1-1024.png
pet-dog-blink-2-1024.png,digital/pet,warmorange,dog,blink,2,1024×1024,13KB,v1.0,2026-08-11,v9.0 §4.1-4.8,public/visual-assets/pets\warmorange\pet-dog-blink-2-1024.png
pet-dog-blink-3-1024.png,digital/pet,warmorange,dog,blink,3,1024×1024,13KB,v1.0,2026-08-11,v9.0 §4.1-4.8,public/visual-assets/pets\warmorange\pet-dog-blink-3-1024.png
pet-dog-greet-1-1024.png,digital/pet,warmorange,dog,greet,1,1024×1024,14KB,v1.0,2026-08-11,v9.0 §4.1-4.8,public/visual-assets/pets\warmorange\pet-dog-greet-1-1024.png
pet-dog-greet-2-1024.png,digital/pet,warmorange,dog,greet,2,1024×1024,14KB,v1.0,2026-08-11,v9.0 §4.1-4.8,public/visual-assets/pets\warmorange\pet-dog-greet-2-1024.png
pet-dog-greet-3-1024.png,digital/pet,warmorange,dog,greet,3,1024×1024,14KB,v1.0,2026-08-11,v9.0 §4.1-4.8,public/visual-assets/pets\warmorange\pet-dog-greet-3-1024.png
pet-dog-greet-4-1024.png,digital/pet,warmorange,dog,greet,4,1024×1024,14KB,v1.0,2026-08-11,v9.0 §4.1-4.8,public/visual-assets/pets\warmorange\pet-dog-greet-4-1024.png
pet-dog-idle-1-1024.png,digital/pet,warmorange,dog,idle,1,1024×1024,13KB,v1.0,2026-08-11,v9.0 §4.1-4.8,public/visual-assets/pets\warmorange\pet-dog-idle-1-1024.png
pet-dog-idle-2-1024.png,digital/pet,warmorange,dog,idle,2,1024×1024,13KB,v1.0,2026-08-11,v9.0 §4.1-4.8,public/visual-assets/pets\warmorange\pet-dog-idle-2-1024.png
pet-dog-miss-1-1024.png,digital/pet,warmorange,dog,miss,1,1024×1024,14KB,v1.0,2026-08-11,v9.0 §4.1-4.8,public/visual-assets/pets\warmorange\pet-dog-miss-1-1024.png
pet-dog-miss-2-1024.png,digital/pet,warmorange,dog,miss,2,1024×1024,14KB,v1.0,2026-08-11,v9.0 §4.1-4.8,public/visual-assets/pets\warmorange\pet-dog-miss-2-1024.png
pet-dog-sign-1-1024.png,digital/pet,warmorange,dog,sign,1,1024×1024,13KB,v1.0,2026-08-11,v9.0 §4.1-4.8,public/visual-assets/pets\warmorange\pet-dog-sign-1-1024.png
pet-dog-sign-2-1024.png,digital/pet,warmorange,dog,sign,2,1024×1024,13KB,v1.0,2026-08-11,v9.0 §4.1-4.8,public/visual-assets/pets\warmorange\pet-dog-sign-2-1024.png
pet-dog-sign-3-1024.png,digital/pet,warmorange,dog,sign,3,1024×1024,13KB,v1.0,2026-08-11,v9.0 §4.1-4.8,public/visual-assets/pets\warmorange\pet-dog-sign-3-1024.png
pet-dog-sleep-1-1024.png,digital/pet,warmorange,dog,sleep,1,1024×1024,13KB,v1.0,2026-08-11,v9.0 §4.1-4.8,public/visual-assets/pets\warmorange\pet-dog-sleep-1-1024.png
pet-dog-sleep-2-1024.png,digital/pet,warmorange,dog,sleep,2,1024×1024,13KB,v1.0,2026-08-11,v9.0 §4.1-4.8,public/visual-assets/pets\warmorange\pet-dog-sleep-2-1024.png
pet-dog-squeezed-1-1024.png,digital/pet,warmorange,dog,squeezed,1,1024×1024,12KB,v1.0,2026-08-11,v9.0 §4.1-4.8,public/visual-assets/pets\warmorange\pet-dog-squeezed-1-1024.png
pet-dog-squeezed-2-1024.png,digital/pet,warmorange,dog,squeezed,2,1024×1024,13KB,v1.0,2026-08-11,v9.0 §4.1-4.8,public/visual-assets/pets\warmorange\pet-dog-squeezed-2-1024.png
pet-dog-squeezed-3-1024.png,digital/pet,warmorange,dog,squeezed,3,1024×1024,13KB,v1.0,2026-08-11,v9.0 §4.1-4.8,public/visual-assets/pets\warmorange\pet-dog-squeezed-3-1024.png
pet-dog-success-1-1024.png,digital/pet,warmorange,dog,success,1,1024×1024,13KB,v1.0,2026-08-11,v9.0 §4.1-4.8,public/visual-assets/pets\warmorange\pet-dog-success-1-1024.png
pet-dog-success-2-1024.png,digital/pet,warmorange,dog,success,2,1024×1024,13KB,v1.0,2026-08-11,v9.0 §4.1-4.8,public/visual-assets/pets\warmorange\pet-dog-success-2-1024.png
pet-dog-talking-1-1024.png,digital/pet,warmorange,dog,talking,1,1024×1024,13KB,v1.0,2026-08-11,v9.0 §4.1-4.8,public/visual-assets/pets\warmorange\pet-dog-talking-1-1024.png
pet-dog-talking-2-1024.png,digital/pet,warmorange,dog,talking,2,1024×1024,13KB,v1.0,2026-08-11,v9.0 §4.1-4.8,public/visual-assets/pets\warmorange\pet-dog-talking-2-1024.png
pet-dog-talking-3-1024.png,digital/pet,warmorange,dog,talking,3,1024×1024,13KB,v1.0,2026-08-11,v9.0 §4.1-4.8,public/visual-assets/pets\warmorange\pet-dog-talking-3-1024.png
pet-dog-thinking-1-1024.png,digital/pet,warmorange,dog,thinking,1,1024×1024,14KB,v1.0,2026-08-11,v9.0 §4.1-4.8,public/visual-assets/pets\warmorange\pet-dog-thinking-1-1024.png
pet-dog-thinking-2-1024.png,digital/pet,warmorange,dog,thinking,2,1024×1024,14KB,v1.0,2026-08-11,v9.0 §4.1-4.8,public/visual-assets/pets\warmorange\pet-dog-thinking-2-1024.png
pet-fantasy-blink-1-1024.png,digital/pet,warmorange,fantasy,blink,1,1024×1024,14KB,v1.0,2026-08-11,v9.0 §4.1-4.8,public/visual-assets/pets\warmorange\pet-fantasy-blink-1-1024.png
pet-fantasy-blink-2-1024.png,digital/pet,warmorange,fantasy,blink,2,1024×1024,13KB,v1.0,2026-08-11,v9.0 §4.1-4.8,public/visual-assets/pets\warmorange\pet-fantasy-blink-2-1024.png
pet-fantasy-blink-3-1024.png,digital/pet,warmorange,fantasy,blink,3,1024×1024,14KB,v1.0,2026-08-11,v9.0 §4.1-4.8,public/visual-assets/pets\warmorange\pet-fantasy-blink-3-1024.png
pet-fantasy-greet-1-1024.png,digital/pet,warmorange,fantasy,greet,1,1024×1024,15KB,v1.0,2026-08-11,v9.0 §4.1-4.8,public/visual-assets/pets\warmorange\pet-fantasy-greet-1-1024.png
pet-fantasy-greet-2-1024.png,digital/pet,warmorange,fantasy,greet,2,1024×1024,15KB,v1.0,2026-08-11,v9.0 §4.1-4.8,public/visual-assets/pets\warmorange\pet-fantasy-greet-2-1024.png
pet-fantasy-greet-3-1024.png,digital/pet,warmorange,fantasy,greet,3,1024×1024,15KB,v1.0,2026-08-11,v9.0 §4.1-4.8,public/visual-assets/pets\warmorange\pet-fantasy-greet-3-1024.png
pet-fantasy-greet-4-1024.png,digital/pet,warmorange,fantasy,greet,4,1024×1024,15KB,v1.0,2026-08-11,v9.0 §4.1-4.8,public/visual-assets/pets\warmorange\pet-fantasy-greet-4-1024.png
pet-fantasy-idle-1-1024.png,digital/pet,warmorange,fantasy,idle,1,1024×1024,14KB,v1.0,2026-08-11,v9.0 §4.1-4.8,public/visual-assets/pets\warmorange\pet-fantasy-idle-1-1024.png
pet-fantasy-idle-2-1024.png,digital/pet,warmorange,fantasy,idle,2,1024×1024,14KB,v1.0,2026-08-11,v9.0 §4.1-4.8,public/visual-assets/pets\warmorange\pet-fantasy-idle-2-1024.png
pet-fantasy-miss-1-1024.png,digital/pet,warmorange,fantasy,miss,1,1024×1024,15KB,v1.0,2026-08-11,v9.0 §4.1-4.8,public/visual-assets/pets\warmorange\pet-fantasy-miss-1-1024.png
pet-fantasy-miss-2-1024.png,digital/pet,warmorange,fantasy,miss,2,1024×1024,15KB,v1.0,2026-08-11,v9.0 §4.1-4.8,public/visual-assets/pets\warmorange\pet-fantasy-miss-2-1024.png
pet-fantasy-sign-1-1024.png,digital/pet,warmorange,fantasy,sign,1,1024×1024,14KB,v1.0,2026-08-11,v9.0 §4.1-4.8,public/visual-assets/pets\warmorange\pet-fantasy-sign-1-1024.png
pet-fantasy-sign-2-1024.png,digital/pet,warmorange,fantasy,sign,2,1024×1024,14KB,v1.0,2026-08-11,v9.0 §4.1-4.8,public/visual-assets/pets\warmorange\pet-fantasy-sign-2-1024.png
pet-fantasy-sign-3-1024.png,digital/pet,warmorange,fantasy,sign,3,1024×1024,14KB,v1.0,2026-08-11,v9.0 §4.1-4.8,public/visual-assets/pets\warmorange\pet-fantasy-sign-3-1024.png
pet-fantasy-sleep-1-1024.png,digital/pet,warmorange,fantasy,sleep,1,1024×1024,13KB,v1.0,2026-08-11,v9.0 §4.1-4.8,public/visual-assets/pets\warmorange\pet-fantasy-sleep-1-1024.png
pet-fantasy-sleep-2-1024.png,digital/pet,warmorange,fantasy,sleep,2,1024×1024,13KB,v1.0,2026-08-11,v9.0 §4.1-4.8,public/visual-assets/pets\warmorange\pet-fantasy-sleep-2-1024.png
pet-fantasy-squeezed-1-1024.png,digital/pet,warmorange,fantasy,squeezed,1,1024×1024,13KB,v1.0,2026-08-11,v9.0 §4.1-4.8,public/visual-assets/pets\warmorange\pet-fantasy-squeezed-1-1024.png
pet-fantasy-squeezed-2-1024.png,digital/pet,warmorange,fantasy,squeezed,2,1024×1024,14KB,v1.0,2026-08-11,v9.0 §4.1-4.8,public/visual-assets/pets\warmorange\pet-fantasy-squeezed-2-1024.png
pet-fantasy-squeezed-3-1024.png,digital/pet,warmorange,fantasy,squeezed,3,1024×1024,14KB,v1.0,2026-08-11,v9.0 §4.1-4.8,public/visual-assets/pets\warmorange\pet-fantasy-squeezed-3-1024.png
pet-fantasy-success-1-1024.png,digital/pet,warmorange,fantasy,success,1,1024×1024,14KB,v1.0,2026-08-11,v9.0 §4.1-4.8,public/visual-assets/pets\warmorange\pet-fantasy-success-1-1024.png
pet-fantasy-success-2-1024.png,digital/pet,warmorange,fantasy,success,2,1024×1024,14KB,v1.0,2026-08-11,v9.0 §4.1-4.8,public/visual-assets/pets\warmorange\pet-fantasy-success-2-1024.png
pet-fantasy-talking-1-1024.png,digital/pet,warmorange,fantasy,talking,1,1024×1024,14KB,v1.0,2026-08-11,v9.0 §4.1-4.8,public/visual-assets/pets\warmorange\pet-fantasy-talking-1-1024.png
pet-fantasy-talking-2-1024.png,digital/pet,warmorange,fantasy,talking,2,1024×1024,14KB,v1.0,2026-08-11,v9.0 §4.1-4.8,public/visual-assets/pets\warmorange\pet-fantasy-talking-2-1024.png
pet-fantasy-talking-3-1024.png,digital/pet,warmorange,fantasy,talking,3,1024×1024,14KB,v1.0,2026-08-11,v9.0 §4.1-4.8,public/visual-assets/pets\warmorange\pet-fantasy-talking-3-1024.png
pet-fantasy-thinking-1-1024.png,digital/pet,warmorange,fantasy,thinking,1,1024×1024,15KB,v1.0,2026-08-11,v9.0 §4.1-4.8,public/visual-assets/pets\warmorange\pet-fantasy-thinking-1-1024.png
pet-fantasy-thinking-2-1024.png,digital/pet,warmorange,fantasy,thinking,2,1024×1024,15KB,v1.0,2026-08-11,v9.0 §4.1-4.8,public/visual-assets/pets\warmorange\pet-fantasy-thinking-2-1024.png
charcoal-pet-cat-idle-1-128.png,digital/preview,-,-,-,-,128×128,-,v1.0,2026-08-11,v9.0 §4.6.1 (Widget 8:1),public/visual-assets/preview-128\charcoal-pet-cat-idle-1-128.png
charcoal-pet-dog-idle-1-128.png,digital/preview,-,-,-,-,128×128,-,v1.0,2026-08-11,v9.0 §4.6.1 (Widget 8:1),public/visual-assets/preview-128\charcoal-pet-dog-idle-1-128.png
charcoal-pet-fantasy-idle-1-128.png,digital/preview,-,-,-,-,128×128,-,v1.0,2026-08-11,v9.0 §4.6.1 (Widget 8:1),public/visual-assets/preview-128\charcoal-pet-fantasy-idle-1-128.png
lavender-pet-cat-idle-1-128.png,digital/preview,-,-,-,-,128×128,-,v1.0,2026-08-11,v9.0 §4.6.1 (Widget 8:1),public/visual-assets/preview-128\lavender-pet-cat-idle-1-128.png
lavender-pet-dog-idle-1-128.png,digital/preview,-,-,-,-,128×128,-,v1.0,2026-08-11,v9.0 §4.6.1 (Widget 8:1),public/visual-assets/preview-128\lavender-pet-dog-idle-1-128.png
lavender-pet-fantasy-idle-1-128.png,digital/preview,-,-,-,-,128×128,-,v1.0,2026-08-11,v9.0 §4.6.1 (Widget 8:1),public/visual-assets/preview-128\lavender-pet-fantasy-idle-1-128.png
mint-pet-cat-idle-1-128.png,digital/preview,-,-,-,-,128×128,-,v1.0,2026-08-11,v9.0 §4.6.1 (Widget 8:1),public/visual-assets/preview-128\mint-pet-cat-idle-1-128.png
mint-pet-dog-idle-1-128.png,digital/preview,-,-,-,-,128×128,-,v1.0,2026-08-11,v9.0 §4.6.1 (Widget 8:1),public/visual-assets/preview-128\mint-pet-dog-idle-1-128.png
mint-pet-fantasy-idle-1-128.png,digital/preview,-,-,-,-,128×128,-,v1.0,2026-08-11,v9.0 §4.6.1 (Widget 8:1),public/visual-assets/preview-128\mint-pet-fantasy-idle-1-128.png
moonlight-pet-cat-idle-1-128.png,digital/preview,-,-,-,-,128×128,-,v1.0,2026-08-11,v9.0 §4.6.1 (Widget 8:1),public/visual-assets/preview-128\moonlight-pet-cat-idle-1-128.png
moonlight-pet-dog-idle-1-128.png,digital/preview,-,-,-,-,128×128,-,v1.0,2026-08-11,v9.0 §4.6.1 (Widget 8:1),public/visual-assets/preview-128\moonlight-pet-dog-idle-1-128.png
moonlight-pet-fantasy-idle-1-128.png,digital/preview,-,-,-,-,128×128,-,v1.0,2026-08-11,v9.0 §4.6.1 (Widget 8:1),public/visual-assets/preview-128\moonlight-pet-fantasy-idle-1-128.png
sakura-pet-cat-idle-1-128.png,digital/preview,-,-,-,-,128×128,-,v1.0,2026-08-11,v9.0 §4.6.1 (Widget 8:1),public/visual-assets/preview-128\sakura-pet-cat-idle-1-128.png
sakura-pet-dog-idle-1-128.png,digital/preview,-,-,-,-,128×128,-,v1.0,2026-08-11,v9.0 §4.6.1 (Widget 8:1),public/visual-assets/preview-128\sakura-pet-dog-idle-1-128.png
sakura-pet-fantasy-idle-1-128.png,digital/preview,-,-,-,-,128×128,-,v1.0,2026-08-11,v9.0 §4.6.1 (Widget 8:1),public/visual-assets/preview-128\sakura-pet-fantasy-idle-1-128.png
warmorange-pet-cat-idle-1-128.png,digital/preview,-,-,-,-,128×128,-,v1.0,2026-08-11,v9.0 §4.6.1 (Widget 8:1),public/visual-assets/preview-128\warmorange-pet-cat-idle-1-128.png
warmorange-pet-dog-idle-1-128.png,digital/preview,-,-,-,-,128×128,-,v1.0,2026-08-11,v9.0 §4.6.1 (Widget 8:1),public/visual-assets/preview-128\warmorange-pet-dog-idle-1-128.png
warmorange-pet-fantasy-idle-1-128.png,digital/preview,-,-,-,-,128×128,-,v1.0,2026-08-11,v9.0 §4.6.1 (Widget 8:1),public/visual-assets/preview-128\warmorange-pet-fantasy-idle-1-128.png
icon-egg-charcoal.png,digital/icon,-,-,-,-,16×16,-,v1.0,2026-08-11,v9.0 §4.5 配色派生,public/visual-assets/icons\icon-egg-charcoal.png
icon-egg-lavender.png,digital/icon,-,-,-,-,16×16,-,v1.0,2026-08-11,v9.0 §4.5 配色派生,public/visual-assets/icons\icon-egg-lavender.png
icon-egg-mint.png,digital/icon,-,-,-,-,16×16,-,v1.0,2026-08-11,v9.0 §4.5 配色派生,public/visual-assets/icons\icon-egg-mint.png
icon-egg-moonlight.png,digital/icon,-,-,-,-,16×16,-,v1.0,2026-08-11,v9.0 §4.5 配色派生,public/visual-assets/icons\icon-egg-moonlight.png
icon-egg-sakura.png,digital/icon,-,-,-,-,16×16,-,v1.0,2026-08-11,v9.0 §4.5 配色派生,public/visual-assets/icons\icon-egg-sakura.png
icon-egg-warmorange.png,digital/icon,-,-,-,-,16×16,-,v1.0,2026-08-11,v9.0 §4.5 配色派生,public/visual-assets/icons\icon-egg-warmorange.png
icon-egg.png,digital/icon,-,-,-,-,16×16,-,v1.0,2026-08-11,v9.0 §4.5 配色派生,public/visual-assets/icons\icon-egg.png
icon-heart-charcoal.png,digital/icon,-,-,-,-,16×16,-,v1.0,2026-08-11,v9.0 §4.5 配色派生,public/visual-assets/icons\icon-heart-charcoal.png
icon-heart-lavender.png,digital/icon,-,-,-,-,16×16,-,v1.0,2026-08-11,v9.0 §4.5 配色派生,public/visual-assets/icons\icon-heart-lavender.png
icon-heart-mint.png,digital/icon,-,-,-,-,16×16,-,v1.0,2026-08-11,v9.0 §4.5 配色派生,public/visual-assets/icons\icon-heart-mint.png
icon-heart-moonlight.png,digital/icon,-,-,-,-,16×16,-,v1.0,2026-08-11,v9.0 §4.5 配色派生,public/visual-assets/icons\icon-heart-moonlight.png
icon-heart-sakura.png,digital/icon,-,-,-,-,16×16,-,v1.0,2026-08-11,v9.0 §4.5 配色派生,public/visual-assets/icons\icon-heart-sakura.png
icon-heart-warmorange.png,digital/icon,-,-,-,-,16×16,-,v1.0,2026-08-11,v9.0 §4.5 配色派生,public/visual-assets/icons\icon-heart-warmorange.png
icon-heart.png,digital/icon,-,-,-,-,16×16,-,v1.0,2026-08-11,v9.0 §4.5 配色派生,public/visual-assets/icons\icon-heart.png
icon-leaf-charcoal.png,digital/icon,-,-,-,-,16×16,-,v1.0,2026-08-11,v9.0 §4.5 配色派生,public/visual-assets/icons\icon-leaf-charcoal.png
icon-leaf-lavender.png,digital/icon,-,-,-,-,16×16,-,v1.0,2026-08-11,v9.0 §4.5 配色派生,public/visual-assets/icons\icon-leaf-lavender.png
icon-leaf-mint.png,digital/icon,-,-,-,-,16×16,-,v1.0,2026-08-11,v9.0 §4.5 配色派生,public/visual-assets/icons\icon-leaf-mint.png
icon-leaf-moonlight.png,digital/icon,-,-,-,-,16×16,-,v1.0,2026-08-11,v9.0 §4.5 配色派生,public/visual-assets/icons\icon-leaf-moonlight.png
icon-leaf-sakura.png,digital/icon,-,-,-,-,16×16,-,v1.0,2026-08-11,v9.0 §4.5 配色派生,public/visual-assets/icons\icon-leaf-sakura.png
icon-leaf-warmorange.png,digital/icon,-,-,-,-,16×16,-,v1.0,2026-08-11,v9.0 §4.5 配色派生,public/visual-assets/icons\icon-leaf-warmorange.png
icon-leaf.png,digital/icon,-,-,-,-,16×16,-,v1.0,2026-08-11,v9.0 §4.5 配色派生,public/visual-assets/icons\icon-leaf.png
icon-moon-charcoal.png,digital/icon,-,-,-,-,16×16,-,v1.0,2026-08-11,v9.0 §4.5 配色派生,public/visual-assets/icons\icon-moon-charcoal.png
icon-moon-lavender.png,digital/icon,-,-,-,-,16×16,-,v1.0,2026-08-11,v9.0 §4.5 配色派生,public/visual-assets/icons\icon-moon-lavender.png
icon-moon-mint.png,digital/icon,-,-,-,-,16×16,-,v1.0,2026-08-11,v9.0 §4.5 配色派生,public/visual-assets/icons\icon-moon-mint.png
icon-moon-moonlight.png,digital/icon,-,-,-,-,16×16,-,v1.0,2026-08-11,v9.0 §4.5 配色派生,public/visual-assets/icons\icon-moon-moonlight.png
icon-moon-sakura.png,digital/icon,-,-,-,-,16×16,-,v1.0,2026-08-11,v9.0 §4.5 配色派生,public/visual-assets/icons\icon-moon-sakura.png
icon-moon-warmorange.png,digital/icon,-,-,-,-,16×16,-,v1.0,2026-08-11,v9.0 §4.5 配色派生,public/visual-assets/icons\icon-moon-warmorange.png
icon-moon.png,digital/icon,-,-,-,-,16×16,-,v1.0,2026-08-11,v9.0 §4.5 配色派生,public/visual-assets/icons\icon-moon.png
icon-paw-charcoal.png,digital/icon,-,-,-,-,16×16,-,v1.0,2026-08-11,v9.0 §4.5 配色派生,public/visual-assets/icons\icon-paw-charcoal.png
icon-paw-lavender.png,digital/icon,-,-,-,-,16×16,-,v1.0,2026-08-11,v9.0 §4.5 配色派生,public/visual-assets/icons\icon-paw-lavender.png
icon-paw-mint.png,digital/icon,-,-,-,-,16×16,-,v1.0,2026-08-11,v9.0 §4.5 配色派生,public/visual-assets/icons\icon-paw-mint.png
icon-paw-moonlight.png,digital/icon,-,-,-,-,16×16,-,v1.0,2026-08-11,v9.0 §4.5 配色派生,public/visual-assets/icons\icon-paw-moonlight.png
icon-paw-sakura.png,digital/icon,-,-,-,-,16×16,-,v1.0,2026-08-11,v9.0 §4.5 配色派生,public/visual-assets/icons\icon-paw-sakura.png
icon-paw-warmorange.png,digital/icon,-,-,-,-,16×16,-,v1.0,2026-08-11,v9.0 §4.5 配色派生,public/visual-assets/icons\icon-paw-warmorange.png
icon-paw.png,digital/icon,-,-,-,-,16×16,-,v1.0,2026-08-11,v9.0 §4.5 配色派生,public/visual-assets/icons\icon-paw.png
icon-sign-charcoal.png,digital/icon,-,-,-,-,16×16,-,v1.0,2026-08-11,v9.0 §4.5 配色派生,public/visual-assets/icons\icon-sign-charcoal.png
icon-sign-lavender.png,digital/icon,-,-,-,-,16×16,-,v1.0,2026-08-11,v9.0 §4.5 配色派生,public/visual-assets/icons\icon-sign-lavender.png
icon-sign-mint.png,digital/icon,-,-,-,-,16×16,-,v1.0,2026-08-11,v9.0 §4.5 配色派生,public/visual-assets/icons\icon-sign-mint.png
icon-sign-moonlight.png,digital/icon,-,-,-,-,16×16,-,v1.0,2026-08-11,v9.0 §4.5 配色派生,public/visual-assets/icons\icon-sign-moonlight.png
icon-sign-sakura.png,digital/icon,-,-,-,-,16×16,-,v1.0,2026-08-11,v9.0 §4.5 配色派生,public/visual-assets/icons\icon-sign-sakura.png
icon-sign-warmorange.png,digital/icon,-,-,-,-,16×16,-,v1.0,2026-08-11,v9.0 §4.5 配色派生,public/visual-assets/icons\icon-sign-warmorange.png
icon-sign.png,digital/icon,-,-,-,-,16×16,-,v1.0,2026-08-11,v9.0 §4.5 配色派生,public/visual-assets/icons\icon-sign.png
icon-star-charcoal.png,digital/icon,-,-,-,-,16×16,-,v1.0,2026-08-11,v9.0 §4.5 配色派生,public/visual-assets/icons\icon-star-charcoal.png
icon-star-lavender.png,digital/icon,-,-,-,-,16×16,-,v1.0,2026-08-11,v9.0 §4.5 配色派生,public/visual-assets/icons\icon-star-lavender.png
icon-star-mint.png,digital/icon,-,-,-,-,16×16,-,v1.0,2026-08-11,v9.0 §4.5 配色派生,public/visual-assets/icons\icon-star-mint.png
icon-star-moonlight.png,digital/icon,-,-,-,-,16×16,-,v1.0,2026-08-11,v9.0 §4.5 配色派生,public/visual-assets/icons\icon-star-moonlight.png
icon-star-sakura.png,digital/icon,-,-,-,-,16×16,-,v1.0,2026-08-11,v9.0 §4.5 配色派生,public/visual-assets/icons\icon-star-sakura.png
icon-star-warmorange.png,digital/icon,-,-,-,-,16×16,-,v1.0,2026-08-11,v9.0 §4.5 配色派生,public/visual-assets/icons\icon-star-warmorange.png
icon-star.png,digital/icon,-,-,-,-,16×16,-,v1.0,2026-08-11,v9.0 §4.5 配色派生,public/visual-assets/icons\icon-star.png
icon-zzz-charcoal.png,digital/icon,-,-,-,-,16×16,-,v1.0,2026-08-11,v9.0 §4.5 配色派生,public/visual-assets/icons\icon-zzz-charcoal.png
icon-zzz-lavender.png,digital/icon,-,-,-,-,16×16,-,v1.0,2026-08-11,v9.0 §4.5 配色派生,public/visual-assets/icons\icon-zzz-lavender.png
icon-zzz-mint.png,digital/icon,-,-,-,-,16×16,-,v1.0,2026-08-11,v9.0 §4.5 配色派生,public/visual-assets/icons\icon-zzz-mint.png
icon-zzz-moonlight.png,digital/icon,-,-,-,-,16×16,-,v1.0,2026-08-11,v9.0 §4.5 配色派生,public/visual-assets/icons\icon-zzz-moonlight.png
icon-zzz-sakura.png,digital/icon,-,-,-,-,16×16,-,v1.0,2026-08-11,v9.0 §4.5 配色派生,public/visual-assets/icons\icon-zzz-sakura.png
icon-zzz-warmorange.png,digital/icon,-,-,-,-,16×16,-,v1.0,2026-08-11,v9.0 §4.5 配色派生,public/visual-assets/icons\icon-zzz-warmorange.png
icon-zzz.png,digital/icon,-,-,-,-,16×16,-,v1.0,2026-08-11,v9.0 §4.5 配色派生,public/visual-assets/icons\icon-zzz.png
theme-palette.json,digital/palette,-,-,-,-,-,-,v1.0,2026-08-11,v9.0 §4.5,public/visual-assets/theme-palette.json
share-card-a6-cmyk-300dpi.pdf,physical/share-card,-,-,-,-,A6 105×148mm+出血3mm,153KB,v1.0,2026-08-11,v9.0 §5 分享卡,docs/visual-assets/physical/share-card-a6-cmyk-300dpi.pdf
instruction-card-cmyk-300dpi.pdf,physical/instruction,-,-,-,-,A6 105×148mm+出血3mm,170KB,v1.0,2026-08-11,v9.0 §5 说明书,docs/visual-assets/physical/instruction-card-cmyk-300dpi.pdf
sticker-sheet-a4-cmyk-300dpi.pdf,physical/sticker,-,-,-,-,A4 18款 8.7cm+出血,937KB,v1.0,2026-08-11,v9.0 §4.7.1 贴纸 300dpi,docs/visual-assets/physical/sticker-sheet-a4-cmyk-300dpi.pdf
box-dieline-cmyk-300dpi.pdf,physical/box,-,-,-,-,100³mm tuck-end 展开图,1166KB,v1.0,2026-08-11,v9.0 §5 包装定制盒 FSC,docs/visual-assets/physical/box-dieline-cmyk-300dpi.pdf
mold-profile-cat-idle-bitmap.png,physical/mold,-,-,-,-,1024 二值轮廓,5KB,v1.0,2026-08-11,v9.0 §4.7.2 硅胶开模,docs/visual-assets/physical/mold-profile-cat-idle-bitmap.png
mold-profile-cat-idle.svg,physical/mold,-,-,-,-,1024 矢量轮廓,0KB,v1.0,2026-08-11,v9.0 §4.7.2 开模 SVG,docs/visual-assets/physical/mold-profile-cat-idle.svg
share-card-a6-preview.png,physical/preview,-,-,-,-,预览,23KB,v1.0,2026-08-11,—,docs/visual-assets/physical/share-card-a6-preview.png
instruction-card-preview.png,physical/preview,-,-,-,-,预览,38KB,v1.0,2026-08-11,—,docs/visual-assets/physical/instruction-card-preview.png
sticker-sheet-preview.png,physical/preview,-,-,-,-,预览,141KB,v1.0,2026-08-11,—,docs/visual-assets/physical/sticker-sheet-preview.png
box-dieline-preview.png,physical/preview,-,-,-,-,预览,107KB,v1.0,2026-08-11,—,docs/visual-assets/physical/box-dieline-preview.png
